"schoolid";"program%.engineering_technology";"demographics.ethn.non_resident_alien";"program%.english";"program%.resources";"demographics.ethn.black";"program%.social_science";"program%.philosophy_religious";"demographics.ethn.asian";"program%.humanities";"demographics.ethn.white";"attendance.academic_year";"tuition.out_of_state";"program%.ethnic_cultural_gender";"aid.federal_loan_rate";"program%.public_administration_social_service";"act_scores.midpoint.writing";"school.name";"demographics.ethn.two_or_more";"size";"grad_students";"program%.computer";"program%.engineering";"act_scores.midpoint.cumulative";"program%.biological";"program%.communication";"aid.loan_principal";"sat_scores.average.overall";"net_price.private.by_income_level.75001-110000";"act_scores.midpoint.english";"program%.communications_technology";"program%.mechanic_repair_technology";"aid.median_debt.income.30001_75000";"aid.median_debt.completers.overall";"program%.business_marketing";"program%.physical_science";"program%.library";"tuition.in_state";"program%.history";"program%.military";"net_price.private.by_income_level.110001-plus";"demographics.ethn.nhpi";"program%.mathematics";"program%.science_technology";"program%.transportation";"program%.legal";"program%.construction";"share_25_older";"aid.median_debt.income.greater_than_75000";"program%.architecture";"program%.psychology";"demographics.age_entry";"sat_scores.midpoint.writing";"program%.multidiscipline";"sat_scores.midpoint.math";"net_price.private.by_income_level.48001-75000";"program%.parks_recreation_fitness";"demographics.median_family_income";"demographics.female_share";"act_scores.midpoint.math";"program%.health";"aid.median_debt.noncompleters";"program%.education";"program%.security_law_enforcement";"program%.theology_religious_vocation";"program%.language";"program%.visual_performing";"aid.median_debt.income.0_30000";"avg_net_price.private";"net_price.private.by_income_level.30001-48000";"school.ft_faculty_rate";"demographics.ethn.aian";"demographics.ethn.hispanic";"program%.precision_production";"sat_scores.midpoint.critical_reading";"admission_rate.overall";"program%.agriculture";"demographics.ethn.unknown";"net_price.private.by_income_level.0-30000";"program%.family_consumer_science";"demographics.avg_family_income";"program%.personal_culinary";"school.faculty_salary";"aid.students_with_any_loan";"avg_net_price.public";"avg_net_price.program_year";"avg_net_price.other_academic_year";"net_price.public.by_income_level.0-30000";"net_price.public.by_income_level.30001-48000";"net_price.public.by_income_level.48001-75000";"net_price.public.by_income_level.75001-110000";"net_price.public.by_income_level.110001-plus";"attendance.program_year";"tuition.program_year"
100663;0.0;0.0179;0.0158;0.0;0.2626;0.0365;0.005;0.0598;0.0135;0.5786;22684;18368;0.0005;0.5179;0.0221;0.0;"University of Alabama at Birmingham";0.0387;12047;7166.0;0.0131;0.0599;25.0;0.0734;0.036;14979.5;1125.0;0.0;26.0;0.0;0.0;14560.0;21833.0;0.2072;0.0212;0.0;8040;0.0162;0.0;0.0;0.0004;0.009;0.0;0.0;0.0;0.0;0.2363;14375.0;0.0;0.0766;23;0.0;0.0;575.0;0.0;0.0;34489;0.6390907397;23.0;0.25;9500.0;0.0748;0.0243;0.0;0.0059;0.0392;15449.0;0.0;0.0;0.8918;0.0028;0.0309;0.0;560.0;0.5814;0.0;0.0083;0.0;0.0;51306;0.0;10517;0.8574622694;16475.0;"";"";13849.0;15385.0;18022.0;18705.0;19319.0;"";""
104151;0.0022;0.1264;0.02;0.0102;0.0384;0.0989;0.0068;0.071;0.0004;0.5081;23931;26470;0.0056;0.4095;0.0;0.0;"Arizona State University-Tempe";0.0401;42224;9392.0;0.04;0.113;25.0;0.0817;0.0396;14000.0;1147.0;0.0;25.0;0.0;0.0;14000.0;20000.0;0.2454;0.0134;0.0;10370;0.0079;0.0;0.0;0.0023;0.0101;0.0;0.0;0.0108;0.0;0.1231;13227.0;0.0188;0.0439;24;0.0;0.0636;585.0;0.0;0.0011;35851;0.5568306611;26.0;0.0092;8500.0;0.0517;0.0;0.0;0.0112;0.0729;15000.0;0.0;0.0;0.9201;0.0112;0.1958;0.0;565.0;0.825;0.0;0.0066;0.0;0.0215;56365;0.0;11068;0.7940918076;11572.0;"";"";6598.0;8302.0;14194.0;15564.0;17592.0;"";""
104179;0.0019;0.068;0.0177;0.0132;0.0389;0.0864;0.0111;0.0546;0.0007;0.5132;24633;34967;0.0089;0.3986;0.0121;0.0;"University of Arizona";0.0451;33402;9467.0;0.0293;0.0725;0.0;0.1042;0.0422;13000.0;0.0;0.0;0.0;0.0;0.0;12831.5;19000.0;0.1471;0.0263;0.0;11769;0.0106;0.0;0.0;0.0027;0.0145;0.0;0.0;0.002;0.0;0.0797;12875.5;0.0194;0.0668;21;0.0;0.0702;0.0;0.0;0.005;43043;0.5628539071;0.0;0.0746;7500.0;0.0435;0.0138;0.0;0.0296;0.0357;13033.0;0.0;0.0;0.7057;0.0117;0.2576;0.0;0.0;0.7862;0.0192;0.0081;0.0;0.0215;69476;0.0;10590;0.7928390975;16150.0;"";"";12914.0;14777.0;17715.0;19545.0;20103.0;"";""
106458;0.0103;0.0582;0.0112;0.0018;0.1357;0.0418;0.0013;0.0081;0.2517;0.7406;20872;14260;0.0;0.5281;0.0139;0.0;"Arkansas State University-Main Campus";0.021;9128;4246.0;0.0153;0.0162;24.0;0.0288;0.0351;12500.0;1090.0;0.0;23.0;0.0;0.0;12500.0;19500.0;0.1218;0.0076;0.0;8200;0.0054;0.0;0.0;0.0005;0.0058;0.0;0.0;0.0;0.0;0.1934;12000.0;0.0;0.0328;23;450.0;0.0004;560.0;0.0;0.04;33450;0.6108749161;24.0;0.173;9250.0;0.1173;0.0054;0.0;0.0058;0.0166;13000.0;0.0;0.0;0.7518;0.003;0.0255;0.0;509.0;0.704;0.0404;0.0073;0.0;0.0;46692;0.0;7016;0.7681808011;12418.0;"";"";10562.0;11111.0;13104.0;14955.0;15286.0;"";""
110404;0.0;0.0909;0.004;0.0;0.0143;0.004;0.0;0.427;0.0;0.286;63471;47577;0.0;0.1469;0.0;9.0;"California Institute of Technology";0.0633;979;1261.0;0.2249;0.3695;35.0;0.0723;0.0;11500.0;1555.0;21219.0;35.0;0.0;0.0;0.0;12178.5;0.004;0.1767;0.0;47577;0.004;0.0;42977.0;0.0;0.1406;0.0;0.0;0.0;0.0;0.002;14758.5;0.0;0.0;19;765.0;0.0;785.0;6781.0;0.0;44848;0.4565217391;36.0;0.0;0.0;0.0;0.0;0.0;0.0;0.0;0.0;24702.0;5652.0;0.9308;0.0;0.1185;0.0;770.0;0.0807;0.0;0.0;3544.0;0.0;74238;0.0;19190;0.347826087;0.0;"";"";0.0;0.0;0.0;0.0;0.0;"";""
115409;0.0;0.111;0.0;0.0;0.0302;0.0052;0.0;0.193;0.0;0.3559;69355;52666;0.0052;0.3939;0.0;0.0;"Harvey Mudd College";0.0953;829;0.0;0.2228;0.3109;34.0;0.0674;0.0;21254.0;1496.0;21952.0;34.0;0.0;0.0;24588.0;23500.0;0.0;0.1606;0.0;52666;0.0;0.0;42967.0;0.0048;0.0933;0.0;0.0;0.0;0.0;0.0;19500.0;0.0;0.0;19;720.0;0.1295;770.0;25102.0;0.0;104805;0.4362745098;34.0;0.0;8832.0;0.0;0.0;0.0;0.0;0.0052;21936.5;30994.0;16726.0;0.9375;0.0036;0.158;0.0;730.0;0.1287;0.0;0.0483;15762.0;0.0;123783;0.0;13165;0.9215686275;0.0;"";"";0.0;0.0;0.0;0.0;0.0;"";""
115755;0.0;0.0137;0.0365;0.1592;0.0336;0.1083;0.011;0.0324;0.0683;0.429;23139;18369;0.0029;0.5504;0.0423;0.0;"Humboldt State University";0.0677;7956;521.0;0.011;0.0284;21.0;0.1135;0.0539;13600.0;983.0;0.0;21.0;0.0;0.0;12966.0;19002.0;0.0776;0.029;0.0;7209;0.0191;0.0;0.0;0.0023;0.0081;0.0;0.0;0.0;0.0;0.1837;14000.0;0.0;0.0724;22;0.0;0.0203;485.0;0.0;0.0579;26596;0.5871915719;21.0;0.0;8302.5;0.0;0.0;0.0;0.0069;0.0666;13771.5;0.0;0.0;0.5339;0.0102;0.3494;0.0;495.0;0.7709;0.0069;0.0617;0.0;0.0;42794;0.0;9051;0.7804269476;13515.0;"";"";10069.0;11248.0;15352.0;20130.0;22687.0;"";""
120254;0.0;0.0664;0.0287;0.043;0.0547;0.3176;0.0266;0.1415;0.0;0.4905;67046;51070;0.0143;0.4275;0.0;0.0;"Occidental College";0.0807;1957;0.0;0.0;0.0;30.0;0.1373;0.0;21000.0;1315.0;25494.0;31.0;0.0;0.0;22370.0;23215.0;0.0;0.0779;0.0;51070;0.0307;0.0;44977.0;0.001;0.0369;0.0;0.0;0.0;0.0;0.004;20500.0;0.0;0.0656;19;648.0;0.0656;660.0;17877.0;0.0348;76004;0.5845070423;29.0;0.0;9000.0;0.0;0.0;0.0;0.0553;0.0656;20355.0;27738.0;15258.0;0.7093;0.0;0.1472;0.0;650.0;0.4581;0.0;0.0179;11547.0;0.0;104313;0.0;11180;0.9366197183;0.0;"";"";0.0;0.0;0.0;0.0;0.0;"";""
121345;0.0;0.1125;0.0184;0.0395;0.0802;0.2237;0.0211;0.1429;0.0;0.3756;64870;49352;0.0237;0.1443;0.0421;0.0;"Pomona College";0.075;1547;0.0;0.0763;0.0;33.0;0.1711;0.0316;11700.0;1442.0;10346.0;33.0;0.0;0.0;9571.5;13400.0;0.0;0.1053;0.0;49352;0.0184;0.0;37440.0;0.0006;0.0789;0.0;0.0;0.0;0.0;0.0042;16000.0;0.0;0.0868;19;725.0;0.0132;720.0;6975.0;0.0;42689;0.5018867925;31.0;0.0;6950.0;0.0;0.0;0.0;0.0105;0.0395;7198.0;12873.0;3432.0;0.9612;0.0026;0.1551;0.0;720.0;0.0944;0.0;0.0556;5739.0;0.0;67046;0.0;12864;0.520754717;0.0;"";"";0.0;0.0;0.0;0.0;0.0;"";""
122409;0.0037;0.0606;0.017;0.0072;0.0406;0.108;0.0042;0.1367;0.0262;0.3359;22056;18244;0.0063;0.318;0.0325;0.0;"San Diego State University";0.0661;29398;4828.0;0.0148;0.0684;26.0;0.0389;0.074;13277.0;1132.0;0.0;25.0;0.0;0.0;12500.0;15000.0;0.2006;0.0123;0.0;7084;0.0072;0.0;0.0;0.0025;0.0139;0.0;0.0;0.0;0.0;0.1562;15000.0;0.0;0.0784;22;0.0;0.0211;565.0;0.0;0.0512;32530;0.5842020419;26.0;0.0857;8750.0;0.02;0.0482;0.0;0.0148;0.0458;12496.0;0.0;0.0;0.5287;0.0031;0.3134;0.0;545.0;0.3464;0.0;0.0411;0.0;0.0;53802;0.0;10249;0.5983879635;14585.0;"";"";8654.0;10735.0;14896.0;19468.0;21424.0;"";""
122597;0.0002;0.0624;0.0349;0.0084;0.049;0.0929;0.007;0.2777;0.0298;0.1937;22396;17644;0.0153;0.3565;0.0035;0.0;"San Francisco State University";0.0608;24882;3100.0;0.0186;0.0226;21.0;0.0729;0.0732;13000.0;979.0;0.0;20.0;0.0;0.0;12500.0;16711.5;0.256;0.0091;0.0;6484;0.0135;0.0;0.0;0.0042;0.0097;0.0;0.0;0.0;0.0;0.1955;13500.0;0.0;0.0453;22;0.0;0.0005;490.0;0.0;0.0504;27895;0.5840236686;21.0;0.0725;8500.0;0.0279;0.033;0.0;0.0123;0.075;12810.0;0.0;0.0;0.5086;0.0016;0.3088;0.0;485.0;0.682;0.0;0.0419;0.0;0.0154;43129;0.0;10045;0.6043392505;13655.0;"";"";9598.0;11085.0;15294.0;19531.0;21936.0;"";""
122755;0.0098;0.0699;0.0181;0.0115;0.0333;0.0616;0.0027;0.3584;0.0143;0.1783;22780;18578;0.0003;0.327;0.0101;0.0;"San Jose State University";0.0516;26253;5722.0;0.0238;0.1123;23.0;0.0251;0.0809;12865.5;1039.0;0.0;22.0;0.0;0.0;12587.5;15000.0;0.258;0.0115;0.0;7418;0.009;0.0;0.0;0.0041;0.005;0.0;0.0055;0.0;0.0;0.1973;13956.0;0.0;0.0619;22;0.0;0.0176;530.0;0.0;0.0296;29408;0.521976626;22.0;0.0795;9500.0;0.0393;0.026;0.0;0.0098;0.0769;12000.0;0.0;0.0;0.4024;0.0013;0.2645;0.0;505.0;0.5344;0.0;0.0386;0.0;0.0;44094;0.0;10093;0.5950203252;14376.0;"";"";10038.0;11577.0;15681.0;19808.0;22068.0;"";""
124292;0.0;0.0311;0.0;0.0;0.0026;0.0;0.0;0.0207;1.0;0.6891;35724;24500;0.0;0.7401;0.0;7.0;"Thomas Aquinas College";0.0674;386;0.0;0.0;0.0;28.0;0.0;0.0;17000.0;1249.0;21756.0;31.0;0.0;0.0;0.0;18000.0;0.0;0.0;0.0;24500;0.0;0.0;27413.0;0.0;0.0;0.0;0.0;0.0;0.0;0.0265;17000.0;0.0;0.0;19;645.0;0.0;595.0;18059.0;0.0;97358;0.4868421053;26.0;0.0;5765.0;0.0;0.0;0.0;0.0;0.0;0.0;22811.0;16579.0;1.0;0.0026;0.1554;0.0;655.0;0.7461;0.0;0.0311;21525.0;0.0;109936;0.0;9080;0.0;0.0;"";"";0.0;0.0;0.0;0.0;0.0;"";""
126678;0.0;0.0777;0.0576;0.0461;0.0269;0.3167;0.0345;0.0417;0.023;0.6598;63600;50892;0.0307;0.3126;0.0;0.0;"Colorado College";0.0873;2084;13.0;0.0269;0.0;0.0;0.1747;0.0;19147.0;0.0;12715.0;0.0;0.0;0.0;19500.0;20497.5;0.0;0.0614;0.0;50892;0.025;0.0;44605.0;0.0;0.0345;0.0;0.0;0.0;0.0;0.0057;19500.0;0.0;0.0403;19;0.0;0.0269;0.0;4349.0;0.0;74864;0.6200607903;0.0;0.0;9000.0;0.0192;0.0;0.0;0.0173;0.0653;17500.0;23394.0;5523.0;0.897;0.0053;0.0902;0.0;0.0;0.1599;0.0;0.011;-1068.0;0.0;107642;0.0;11036;0.8358662614;0.0;"";"";0.0;0.0;0.0;0.0;0.0;"";""
126775;0.0;0.0603;0.0;0.0;0.0103;0.0093;0.0;0.0478;0.0;0.7447;31226;36172;0.0;0.4154;0.0;9.0;"Colorado School of Mines";0.055;4564;1459.0;0.0549;0.8799;31.0;0.0;0.0;21915.0;1354.0;0.0;31.0;0.0;0.0;23387.5;25000.0;0.0;0.0228;0.0;17842;0.0;0.0;0.0;0.0009;0.0331;0.0;0.0;0.0;0.0;0.0708;20321.0;0.0;0.0;20;605.0;0.0;690.0;0.0;0.0;95766;0.2837489252;31.0;0.0;9493.0;0.0;0.0;0.0;0.0;0.0;24848.0;0.0;0.0;0.8556;0.0024;0.0732;0.0;645.0;0.4035;0.0;0.0055;0.0;0.0;107141;0.0;10964;0.9191745486;27013.0;"";"";23542.0;23209.0;22525.0;28699.0;29476.0;"";""
126818;0.0187;0.035;0.023;0.0218;0.0235;0.0844;0.0012;0.0248;0.0141;0.7316;24885;28346;0.0015;0.4481;0.023;0.0;"Colorado State University-Fort Collins";0.0339;23497;6679.0;0.0214;0.0745;26.0;0.1077;0.0716;15000.0;1159.0;0.0;25.0;0.0;0.0;15500.0;20502.0;0.1485;0.0147;0.0;11052;0.0174;0.0;0.0;0.0013;0.01;0.0;0.0;0.0;0.0;0.0549;14962.5;0.0058;0.0432;21;0.0;0.0135;570.0;0.0;0.0766;63463;0.5496754868;25.0;0.0056;8250.0;0.0019;0.0041;0.0;0.0083;0.0421;16000.0;0.0;0.0;0.6805;0.0046;0.1206;0.0;565.0;0.7796;0.0535;0.0246;0.0;0.0919;85721;0.0;9480;0.8740639041;18318.0;"";"";11287.0;11474.0;15705.0;22814.0;24061.0;"";""
127185;0.0;0.0107;0.0417;0.0565;0.0105;0.1183;0.0148;0.0058;0.0282;0.4987;24298;17816;0.0121;0.4621;0.0;0.0;"Fort Lewis College";0.0773;3443;10.0;0.0;0.0296;22.0;0.0699;0.0;10500.0;1014.0;0.0;22.0;0.0;0.0;10800.0;18866.0;0.2137;0.0659;0.0;8104;0.0175;0.0;0.0;0.0015;0.0054;0.0;0.0;0.0;0.0;0.147;10848.0;0.0;0.078;21;0.0;0.0121;510.0;0.0;0.0914;41306;0.5287990196;21.0;0.0282;5500.0;0.0242;0.0;0.0;0.0108;0.082;10500.0;0.0;0.0;0.9474;0.2605;0.1112;0.0;520.0;0.9212;0.0;0.0238;0.0;0.0;57790;0.0;7152;0.7886029412;17012.0;"";"";12736.0;14254.0;15646.0;19844.0;20638.0;"";""
129020;0.0;0.0617;0.0236;0.0157;0.0579;0.1092;0.0013;0.1065;0.0364;0.5984;29128;35858;0.0034;0.4743;0.0002;0.0;"University of Connecticut";0.0282;19030;8397.0;0.0165;0.1029;29.0;0.0916;0.067;18750.0;1248.0;0.0;28.0;0.0;0.0;19500.0;21500.0;0.1295;0.0111;0.0;14066;0.0161;0.0;0.0;0.0006;0.0193;0.0;0.0;0.0;0.0;0.0308;19462.5;0.0019;0.0781;20;600.0;0.0188;630.0;0.0;0.0;67737;0.5309655084;28.0;0.1262;9250.0;0.0308;0.0;0.0;0.0113;0.0174;16590.0;0.0;0.0;0.7089;0.0016;0.0967;0.0;600.0;0.488;0.0316;0.0486;0.0;0.04;88097;0.0;12086;0.8510065393;21223.0;"";"";11626.0;12129.0;18522.0;23635.0;26870.0;"";""
130697;0.0;0.1006;0.071;0.0178;0.068;0.2678;0.0164;0.0728;0.0041;0.552;65443;50912;0.097;0.3013;0.0;0.0;"Wesleyan University";0.0542;2913;235.0;0.026;0.0;0.0;0.0697;0.0;15576.5;0.0;23992.0;0.0;0.0;0.0;17445.0;16875.0;0.0;0.0587;0.0;50912;0.0273;0.0;42819.0;0.0017;0.0423;0.0;0.0;0.0;0.0;0.028;16812.5;0.0;0.1557;19;0.0;0.0301;0.0;11996.0;0.0;60146;0.5581039755;0.0;0.0;6750.0;0.0;0.0;0.0;0.0082;0.1079;11030.0;24626.0;9805.0;0.883;0.001;0.103;0.0;0.0;0.1785;0.0;0.0467;5647.0;0.0;94846;0.0;11788;0.7385321101;0.0;"";"";0.0;0.0;0.0;0.0;0.0;"";""
130794;0.0;0.1073;0.0437;0.0165;0.0684;0.2688;0.0136;0.1727;0.0108;0.4617;66445;49480;0.0552;0.1057;0.0;0.0;"Yale University";0.0561;5471;6986.0;0.0559;0.0767;34.0;0.1061;0.0;12000.0;1502.0;13934.0;34.0;0.0;0.0;7500.0;12000.0;0.0;0.038;0.0;49480;0.0746;0.0;36367.0;0.0007;0.0416;0.0;0.0;0.0;0.0;0.0069;15000.0;0.0129;0.0595;19;750.0;0.0695;755.0;6551.0;0.0;44004;0.5006839945;33.0;0.0;8883.0;0.0;0.0;0.0;0.0194;0.0373;9500.0;19507.0;7929.0;0.7376;0.0057;0.1217;0.0;755.0;0.0632;0.0;0.0057;5171.0;0.0;80258;0.0;18333;0.4487004104;0.0;"";"";0.0;0.0;0.0;0.0;0.0;"";""
130943;0.0005;0.0405;0.0276;0.0246;0.0576;0.0943;0.0026;0.0514;0.0639;0.7278;24557;32250;0.0037;0.5118;0.029;9.0;"University of Delaware";0.0312;18510;3794.0;0.016;0.1015;26.0;0.043;0.0293;21250.0;1170.0;0.0;25.0;0.0;0.0;22106.0;24250.0;0.1746;0.0139;0.0;12830;0.0132;0.0;0.0;0.0008;0.0088;0.0;0.0002;0.0;0.0;0.041;21425.0;0.0014;0.0339;19;585.0;0.0167;585.0;0.0;0.0581;107127;0.585467128;25.0;0.1024;7500.0;0.0711;0.0;0.0;0.01;0.0223;19732.0;0.0;0.0;0.9759;0.001;0.0784;0.0;585.0;0.695;0.0156;0.0112;0.0;0.0218;124857;0.0;12175;0.9328719723;16736.0;"";"";11750.0;12038.0;13909.0;17736.0;22307.0;"";""
132903;0.0;0.0133;0.0208;0.0;0.114;0.0375;0.0018;0.0594;0.0405;0.511;21168;22467;0.0;0.4297;0.0141;0.0;"University of Central Florida";0.0389;55113;8365.0;0.0293;0.073;26.0;0.0494;0.0456;14500.0;1179.0;0.0;26.0;0.0;0.0;14385.5;18130.0;0.2006;0.0035;0.0;6368;0.0091;0.0;0.0;0.0021;0.0036;0.0;0.0;0.0183;0.0;0.2031;15000.0;0.0017;0.0847;23;560.0;0.0499;590.0;0.0;0.0;31400;0.5891445164;25.0;0.1587;8250.0;0.0794;0.0354;0.0;0.0019;0.0411;14250.0;0.0;0.0;0.9757;0.0017;0.254;0.0;585.0;0.4999;0.0;0.0056;0.0;0.0;47674;0.0;9509;0.69814608;15409.0;"";"";12270.0;13493.0;16163.0;18882.0;19274.0;"";""
133669;0.0005;0.027;0.0243;0.0;0.1993;0.0708;0.0022;0.0404;0.0741;0.4191;18992;17276;0.0;0.3789;0.0335;7.0;"Florida Atlantic University";0.0377;24221;5139.0;0.0216;0.0419;23.0;0.0661;0.0521;12000.0;1047.0;0.0;23.0;0.0;0.0;12000.0;16800.0;0.1823;0.0131;0.0;4831;0.0096;0.0;0.0;0.0012;0.0059;0.0;0.0;0.0;0.0;0.2692;11200.0;0.0159;0.0706;23;510.0;0.0439;520.0;0.0;0.0335;28064;0.6122837041;22.0;0.0778;7500.0;0.0548;0.0718;0.0;0.0064;0.0273;12361.0;0.0;0.0;0.6701;0.0023;0.2665;0.0;525.0;0.5978;0.0;0.0064;0.0;0.0;44337;0.0;9234;0.6684730937;12605.0;"";"";9217.0;11092.0;14355.0;16846.0;18005.0;"";""
133951;0.0036;0.059;0.0217;0.0049;0.122;0.0778;0.0059;0.0252;0.021;0.0923;18873;18954;0.0049;0.4512;0.0188;8.0;"Florida International University";0.027;41112;9147.0;0.0349;0.0535;25.0;0.0657;0.0712;13750.0;1130.0;0.0;25.0;0.0;0.0;13254.0;17250.0;0.2463;0.0164;0.0;6556;0.0072;0.0;0.0;0.0009;0.0034;0.0;0.0;0.0;0.0;0.2781;13632.5;0.0;0.13;23;530.0;0.0133;555.0;0.0;0.0161;23924;0.6069360848;24.0;0.0642;10117.0;0.0412;0.0582;0.0;0.0038;0.016;14000.0;0.0;0.0;0.9854;0.0008;0.6674;0.0;565.0;0.5007;0.0;0.0054;0.0;0.0;34024;0.0;10079;0.5978217254;13398.0;"";"";11063.0;12433.0;14770.0;16050.0;16806.0;"";""
134097;0.0;0.0142;0.0491;0.0083;0.0832;0.1728;0.0052;0.0231;0.0306;0.6275;21938;21673;0.0016;0.4234;0.0138;0.0;"Florida State University";0.0335;32417;8240.0;0.0358;0.042;27.0;0.0891;0.0329;18053.0;1214.0;0.0;27.0;0.0;0.0;18000.0;20250.0;0.1902;0.0129;0.0;6507;0.0111;0.0;0.0;0.0014;0.0111;0.0;0.0;0.0;0.0;0.0601;18106.0;0.0;0.0651;20;600.0;0.0007;595.0;0.0;0.0153;43729;0.5844654153;26.0;0.0312;11000.0;0.0279;0.0618;0.0;0.0095;0.0472;18159.5;0.0;0.0;0.843;0.0025;0.2;0.0;600.0;0.5801;0.0;0.0145;0.0;0.0347;66692;0.0;10657;0.7457222856;14985.0;"";"";10220.0;12150.0;16097.0;18922.0;19812.0;"";""
134130;0.0074;0.0176;0.022;0.0145;0.0611;0.1097;0.0072;0.0816;0.0442;0.5586;20571;28659;0.0047;0.2875;0.0;9.0;"University of Florida";0.0322;33309;17813.0;0.0118;0.1268;29.0;0.1006;0.0739;15000.0;1287.0;0.0;29.0;0.0;0.0;15000.0;16195.5;0.1194;0.022;0.0;6381;0.0142;0.0;0.0;0.0053;0.0136;0.0;0.0;0.0;0.0;0.0461;15000.0;0.0116;0.0555;21;620.0;0.0187;645.0;0.0;0.0184;39127;0.5937902879;28.0;0.0641;9435.0;0.0229;0.0015;0.0;0.0191;0.0275;13647.0;0.0;0.0;0.8383;0.0019;0.2138;0.0;630.0;0.4594;0.0507;0.0278;0.0;0.0179;58287;0.0;11294;0.6570691878;12159.0;"";"";6768.0;7227.0;8732.0;11716.0;16950.0;"";""
137351;0.0;0.0604;0.0281;0.012;0.1034;0.1143;0.004;0.0682;0.05;0.497;19652;17324;0.0022;0.4495;0.0188;8.0;"University of South Florida-Main Campus";0.0383;30553;11400.0;0.0198;0.0615;26.0;0.1142;0.0502;15865.0;1172.0;0.0;26.0;0.0;0.0;15750.0;18750.0;0.1501;0.0181;0.0;6410;0.0114;0.0;0.0;0.0021;0.0074;0.0;0.0;0.0;0.0;0.1962;15320.5;0.0;0.0555;22;555.0;0.0051;585.0;0.0;0.0;32495;0.605735746;25.0;0.2023;10500.0;0.0486;0.0;0.0;0.007;0.0194;16250.0;0.0;0.0;0.7795;0.002;0.2084;0.0;575.0;0.4663;0.0;0.0203;0.0;0.0;48536;0.0;9468;0.7141686582;11249.0;"";"";7396.0;9076.0;12446.0;16180.0;16713.0;"";""
139940;0.0;0.0221;0.0243;0.0;0.4178;0.1016;0.0089;0.1342;0.0;0.2461;24223;23542;0.0039;0.5562;0.0279;0.0;"Georgia State University";0.0613;24478;7009.0;0.0638;0.0;23.0;0.068;0.0609;12500.0;1070.0;0.0;23.0;0.0;0.0;12500.0;22206.5;0.2486;0.0218;0.0;8974;0.0125;0.0;0.0;0.0005;0.0073;0.0;0.0;0.0;0.0;0.2032;12984.5;0.0;0.0925;23;520.0;0.0281;530.0;0.0;0.0;27922;0.6300794494;23.0;0.0405;7855.0;0.0703;0.0243;0.0;0.0179;0.0763;12250.0;0.0;0.0;0.7588;0.0013;0.1033;0.0;540.0;0.5884;0.0;0.0134;0.0;0.0006;41486;0.0;8592;0.6950053135;14773.0;"";"";12820.0;13663.0;15984.0;18204.0;18542.0;"";""
139959;0.0;0.0168;0.0169;0.0161;0.0762;0.0797;0.0042;0.1009;0.002;0.7027;24991;29844;0.0068;0.3646;0.0062;7.0;"University of Georgia";0.0371;27851;8623.0;0.0118;0.0161;29.0;0.0808;0.1145;17108.0;1262.0;0.0;30.0;0.0;0.0;17506.5;18750.0;0.2466;0.0098;0.0;11634;0.0121;0.0;0.0;0.001;0.0122;0.0;0.0;0.0156;0.0;0.0341;16809.0;0.0056;0.0599;20;610.0;0.0269;620.0;0.0;0.0296;64178;0.5743758213;28.0;0.0346;11000.0;0.0458;0.0092;0.0;0.0245;0.0382;16750.0;0.0;0.0;0.9088;0.0008;0.0569;0.0;620.0;0.539;0.0374;0.0076;0.0;0.0369;83743;0.0;10885;0.8344283837;13822.0;"";"";9168.0;11562.0;14556.0;16305.0;16319.0;"";""
142115;0.0;0.0395;0.0251;0.0088;0.0172;0.0641;0.0021;0.021;0.0339;0.7352;18298;21530;0.0024;0.4091;0.0218;8.0;"Boise State University";0.044;16045;3668.0;0.0336;0.0514;23.0;0.0336;0.0856;14635.0;1047.0;0.0;23.0;0.0;0.0;14500.0;22750.0;0.1676;0.0133;0.0;7080;0.0136;0.0;0.0;0.0042;0.0061;0.0;0.0;0.0;0.0;0.2719;12500.0;0.0;0.0596;23;495.0;0.0287;513.0;0.0;0.0281;42915;0.56921797;23.0;0.1985;8906.5;0.0418;0.0366;0.0;0.0151;0.0284;16142.5;0.0;0.0;0.5646;0.0047;0.1195;0.0;520.0;0.8173;0.0;0.0146;0.0;0.0;62341;0.0;7491;0.8131447587;14205.0;"";"";11735.0;12134.0;15081.0;17059.0;17675.0;"";""
142276;0.0562;0.0957;0.0117;0.0;0.0116;0.0373;0.0017;0.0135;0.0673;0.6929;19526;21023;0.0;0.4098;0.0161;0.0;"Idaho State University";0.0313;8307;1950.0;0.0234;0.0401;0.0;0.0529;0.02;12750.0;0.0;0.0;0.0;0.0011;0.0562;12775.0;22674.0;0.1074;0.0178;0.0;6956;0.0134;0.0;0.0;0.0023;0.0022;0.0;0.0;0.0017;0.0006;0.293;10157.0;0.0;0.0301;23;0.0;0.0033;0.0;0.0;0.0;35747;0.5705947749;0.0;0.2593;9323.0;0.089;0.0195;0.0;0.0173;0.0145;14988.0;0.0;0.0;0.9298;0.0126;0.1194;0.02;0.0;0.0;0.0;0.0207;0.0;0.0083;47397;0.0117;6680;0.7929405225;16481.0;"";"";14319.0;15170.0;17539.0;19267.0;19526.0;"";""
142285;0.0056;0.0502;0.0207;0.0441;0.0147;0.0726;0.0034;0.0138;0.0408;0.7485;20045;22040;0.0;0.4722;0.0;7.0;"University of Idaho";0.0419;7735;2194.0;0.0307;0.1006;24.0;0.0464;0.0615;16750.0;1070.0;0.0;24.0;0.0;0.0;17519.0;24500.0;0.1525;0.0223;0.0;7232;0.0078;0.0;0.0;0.0023;0.0173;0.0;0.0;0.0;0.0;0.1242;14000.0;0.0179;0.0631;21;500.0;0.0134;520.0;0.0;0.0184;45018;0.5058158857;24.0;0.0218;10500.0;0.0698;0.0;0.0;0.0095;0.0402;18750.0;0.0;0.0;0.8219;0.0066;0.1028;0.0;530.0;0.7589;0.0682;0.0191;0.0;0.0514;59886;0.0;8787;0.8497839814;14191.0;"";"";11183.0;12476.0;15549.0;17549.0;17891.0;"";""
145600;0.0003;0.0269;0.0253;0.0;0.0821;0.0698;0.0026;0.2224;0.0;0.3222;25131;26520;0.0079;0.4714;0.0;0.0;"University of Illinois at Chicago";0.0308;17804;11161.0;0.0437;0.1247;24.0;0.1429;0.0153;14000.0;1105.0;0.0;25.0;0.0;0.0;13750.0;18114.5;0.147;0.0215;0.0;13664;0.0112;0.0;0.0;0.0009;0.01;0.0;0.0;0.0;0.0;0.1033;15000.0;0.0102;0.1268;21;535.0;0.0061;583.0;0.0;0.0447;33725;0.5284502121;24.0;0.0785;7500.0;0.0253;0.0404;0.0;0.011;0.0343;13700.0;0.0;0.0;0.6864;0.0006;0.3074;0.0;530.0;0.7359;0.0;0.0067;0.0;0.0005;47402;0.0;10852;0.6221612179;13562.0;"";"";9755.0;10663.0;14419.0;21821.0;23414.0;"";""
145637;0.0;0.1556;0.0166;0.0067;0.0593;0.0752;0.0019;0.1791;0.0008;0.4661;29764;30680;0.0084;0.3584;0.0067;9.0;"University of Illinois at Urbana-Champaign";0.0298;32752;13019.0;0.0419;0.2086;29.0;0.0758;0.0753;17750.0;1320.0;0.0;29.0;0.0;0.0;19000.0;20127.0;0.1269;0.0339;0.0;15058;0.0075;0.0;0.0;0.0007;0.0284;0.0;0.0;0.0;0.0;0.0202;18151.0;0.0171;0.0502;19;640.0;0.0116;748.0;0.0;0.0313;62485;0.4948371724;29.0;0.0449;9000.0;0.025;0.0;0.0;0.008;0.0212;15500.0;0.0;0.0;0.7337;0.0006;0.1048;0.0;635.0;0.6007;0.0697;0.0038;0.0;0.0064;86138;0.0;11827;0.8666742312;18243.0;"";"";7554.0;11108.0;16782.0;24097.0;27448.0;"";""
145725;0.0365;0.2308;0.0;0.0;0.0577;0.0117;0.0;0.1336;0.0088;0.3428;57277;45214;0.0;0.4182;0.0;0.0;"Illinois Institute of Technology";0.0273;2859;4786.0;0.098;0.5102;29.0;0.0234;0.0073;22500.0;1275.0;24732.0;29.0;0.0;0.0;22000.0;27000.0;0.0585;0.019;0.0;45214;0.0;0.0;28712.0;0.0007;0.0292;0.0;0.0;0.0;0.0;0.1318;21349.5;0.1681;0.0292;21;0.0;0.0;670.0;21317.0;0.0;39719;0.3001132503;30.0;0.0;11000.0;0.0;0.0;0.0;0.0;0.0;25125.0;21803.0;17838.0;0.5716;0.0028;0.1623;0.0;575.0;0.571;0.0;0.042;17123.0;0.0;60579;0.0;12225;0.8516421291;0.0;"";"";0.0;0.0;0.0;0.0;0.0;"";""
145813;0.0155;0.0041;0.0276;0.0;0.0841;0.0664;0.0041;0.0214;0.0322;0.7554;27421;25168;0.0;0.5797;0.0116;0.0;"Illinois State University";0.0279;18571;2396.0;0.0223;0.0;24.0;0.0324;0.0648;16750.0;1090.0;0.0;24.0;0.0052;0.0;17199.0;21250.0;0.2091;0.0116;0.0;14061;0.0192;0.0;0.0;0.0009;0.0135;0.0;0.0;0.0002;0.0;0.0554;15500.0;0.0;0.0276;20;0.0;0.0;0.0;0.0;0.0308;67099;0.5624349636;23.0;0.0839;7581.0;0.1491;0.0388;0.0;0.0073;0.0438;18067.0;0.0;0.0;0.78;0.0016;0.1013;0.0;0.0;0.8888;0.042;0.0033;0.0;0.041;80963;0.0;7862;0.9153225806;20969.0;"";"";13110.0;14783.0;20682.0;24959.0;25671.0;"";""
147703;0.0247;0.0185;0.0192;0.0083;0.1572;0.0824;0.0017;0.0505;0.0247;0.562;28725;23670;0.0;0.6478;0.0069;7.0;"Northern Illinois University";0.0372;14036;4936.0;0.0287;0.0577;22.0;0.0327;0.0779;17562.5;1030.0;0.0;22.0;0.0;0.0;18000.0;23208.0;0.1643;0.0178;0.0;14204;0.0149;0.0;0.0;0.001;0.0178;0.0;0.0;0.0;0.0;0.1605;15750.0;0.0;0.0566;21;465.0;0.0017;515.0;0.0;0.0233;39109;0.534562212;21.0;0.1885;9883.0;0.0557;0.0;0.0;0.0078;0.046;18916.0;0.0;0.0;0.7493;0.0013;0.1673;0.0;495.0;0.5184;0.0;0.0051;0.0;0.0405;56267;0.0;8001;0.9040487163;19944.0;"";"";17643.0;17828.0;19488.0;22151.0;24362.0;"";""
149222;0.0806;0.0373;0.0215;0.0129;0.1719;0.0625;0.0031;0.0169;0.0159;0.649;26868;27130;0.0006;0.5911;0.0212;0.0;"Southern Illinois University-Carbondale";0.0326;12056;3805.0;0.0239;0.057;22.0;0.0383;0.0457;15000.0;1029.0;0.0;23.0;0.0;0.0132;14854.0;21500.0;0.0852;0.012;0.0;13481;0.0077;0.0;0.0;0.0011;0.0028;0.0;0.0448;0.0071;0.0;0.1857;14000.0;0.015;0.0334;22;0.0;0.0159;500.0;0.0;0.0408;37454;0.4896289248;22.0;0.0929;9500.0;0.1257;0.0138;0.0;0.0064;0.038;16000.0;0.0;0.0;0.8219;0.0019;0.0885;0.0;505.0;0.7665;0.0463;0.0008;0.0;0.008;53426;0.008;7744;0.8677450048;17660.0;"";"";14825.0;14737.0;18460.0;21551.0;23083.0;"";""
150136;0.0126;0.0171;0.024;0.0081;0.0784;0.0327;0.0018;0.0112;0.0803;0.8035;23157;25428;0.0006;0.5865;0.0201;0.0;"Ball State University";0.0292;16260;4987.0;0.0228;0.0003;22.0;0.0324;0.1306;18000.0;1057.0;0.0;22.0;0.0;0.0;18117.0;24513.5;0.1636;0.0099;0.0;9654;0.0099;0.0;0.0;0.0011;0.003;0.0;0.0;0.0045;0.0;0.0699;18500.0;0.0291;0.0461;20;535.0;0.0;535.0;0.0;0.0431;61975;0.5982266556;21.0;0.1078;7500.0;0.0758;0.0321;0.0;0.0072;0.0515;16500.0;0.0;0.0;0.8061;0.0003;0.0437;0.0;545.0;0.6225;0.0;0.0156;0.0;0.0503;73629;0.0;7381;0.8901357717;15521.0;"";"";8697.0;11203.0;16230.0;19088.0;20739.0;"";""
150400;0.0;0.0833;0.1035;0.0074;0.0558;0.2255;0.0092;0.0329;0.0;0.6889;58478;46448;0.0037;0.4227;0.0;0.0;"DePauw University";0.0604;2186;0.0;0.0832;0.0;27.0;0.0887;0.1275;23988.5;1187.0;22050.0;27.0;0.0;0.0;26000.0;26375.0;0.0037;0.0296;0.0;46448;0.0185;0.0;30797.0;0.0;0.0277;0.0;0.0;0.0;0.0;0.0031;21500.0;0.0;0.0536;19;570.0;0.0407;595.0;18006.0;0.0536;82288;0.5024469821;26.0;0.0;8625.0;0.0351;0.0;0.0;0.0222;0.0665;27000.0;22066.0;13830.0;0.8737;0.0032;0.054;0.0;565.0;0.6533;0.0;0.0215;12916.0;0.0;101778;0.0;9415;0.9445350734;0.0;"";"";0.0;0.0;0.0;0.0;0.0;"";""
153384;0.0;0.1835;0.0853;0.0;0.0591;0.2373;0.0347;0.0785;0.0;0.5208;61098;48758;0.0293;0.4211;0.0;0.0;"Grinnell College";0.0465;1657;0.0;0.0773;0.0;32.0;0.168;0.0;13500.0;1410.0;24776.0;33.0;0.0;0.0;14500.0;15600.0;0.0;0.072;0.0;48758;0.0533;0.0;35726.0;0.0;0.0427;0.0;0.0;0.0;0.0;0.0006;14223.0;0.0;0.0533;19;0.0;0.008;730.0;17563.0;0.0;74915;0.5348837209;31.0;0.0;7436.0;0.0;0.0;0.0;0.088;0.0507;11650.0;24136.0;10160.0;0.7802;0.0006;0.0754;0.0;695.0;0.2019;0.0;0.0356;13774.0;0.0;90298;0.0;9549;0.8976744186;0.0;"";"";0.0;0.0;0.0;0.0;0.0;"";""
153603;0.0117;0.0683;0.0106;0.0102;0.0262;0.0208;0.0025;0.0311;0.0129;0.7455;19182;21583;0.0007;0.4995;0.001;0.0;"Iowa State University";0.0229;30224;5679.0;0.0084;0.217;25.0;0.0612;0.0432;18749.0;1144.0;0.0;25.0;0.0;0.0;18950.0;23256.0;0.186;0.0102;0.0;8219;0.0102;0.0;0.0;0.0008;0.0106;0.0;0.0;0.0;0.0;0.0502;18500.0;0.0193;0.0289;20;0.0;0.02;590.0;0.0;0.0427;76488;0.4624236966;25.0;0.018;8250.0;0.0366;0.0;0.0;0.0068;0.037;18750.0;0.0;0.0;0.8444;0.0019;0.0507;0.0;535.0;0.8749;0.1198;0.0527;0.0;0.0536;88654;0.0;10801;0.9072350645;13947.0;"";"";8692.0;9697.0;12602.0;15676.0;17363.0;"";""
153658;0.0;0.1058;0.0405;0.0081;0.034;0.078;0.005;0.0389;0.04;0.6901;21010;28813;0.0042;0.4182;0.0106;0.0;"University of Iowa";0.0291;22990;7535.0;0.0227;0.0811;26.0;0.0294;0.0769;16000.0;1165.0;0.0;26.0;0.0;0.0;16500.0;21500.0;0.1781;0.0117;0.0;8575;0.0123;0.0;0.0;0.0009;0.0238;0.0;0.0;0.0;0.0;0.0804;17538.0;0.0;0.0603;20;0.0;0.0238;610.0;0.0;0.1332;72993;0.5623043206;25.0;0.0721;8266.5;0.0183;0.0;0.0;0.0173;0.0525;13098.0;0.0;0.0;0.8498;0.0017;0.0763;0.0;560.0;0.8411;0.0;0.0233;0.0;0.0;88575;0.0;10874;0.9014402004;14192.0;"";"";8259.0;9753.0;13418.0;16607.0;17268.0;"";""
155317;0.0;0.0584;0.0233;0.007;0.042;0.0569;0.0031;0.0463;0.0264;0.7158;23687;28239;0.0074;0.435;0.0245;0.0;"University of Kansas";0.049;18845;8303.0;0.0178;0.102;26.0;0.0595;0.0948;14275.5;1185.0;0.0;26.0;0.0;0.0;15000.0;20500.0;0.1625;0.0187;0.0;11455;0.0125;0.0;0.0;0.0003;0.0125;0.0;0.0;0.0;0.0;0.0971;14994.0;0.0036;0.0542;21;0.0;0.0386;0.0;0.0;0.0341;64240;0.547597184;25.0;0.1207;7750.0;0.0408;0.0;0.0;0.0194;0.0598;12919.0;0.0;0.0;0.8025;0.0038;0.0767;0.0;0.0;0.9301;0.0;0.0077;0.0;0.0;84380;0.0;10003;0.8939393939;18234.0;"";"";14760.0;14951.0;17383.0;20530.0;21951.0;"";""
155399;0.0205;0.0522;0.0066;0.0046;0.0359;0.0825;0.0008;0.0146;0.0051;0.7799;21989;24775;0.0023;0.4729;0.0165;0.0;"Kansas State University";0.0344;19151;4307.0;0.0104;0.1056;0.0;0.0385;0.038;17500.0;0.0;0.0;0.0;0.0;0.0023;18250.0;22500.0;0.1863;0.0129;0.0;9874;0.0099;0.0;0.0;0.0013;0.0038;0.0;0.0154;0.0;0.0;0.0996;16520.5;0.0003;0.0185;21;0.0;0.02;0.0;0.0;0.0413;67000;0.5208711434;0.0;0.0352;9500.0;0.0777;0.0;0.0;0.0033;0.0271;18348.0;0.0;0.0;0.888;0.0044;0.0673;0.0;0.0;0.9407;0.1339;0.0101;0.0;0.081;79635;0.0;8661;0.8947368421;17023.0;"";"";13258.0;13118.0;16189.0;18642.0;19378.0;"";""
155681;0.1388;0.0327;0.0115;0.0;0.0388;0.0115;0.0;0.009;0.0567;0.789;17292;17662;0.0;0.5738;0.0263;0.0;"Pittsburg State University";0.0603;5536;1198.0;0.0164;0.0;22.0;0.0468;0.0525;13500.0;1010.0;0.0;21.0;0.0378;0.0271;13440.0;20000.0;0.1897;0.0131;0.0;6910;0.0057;0.0;0.0;0.0009;0.0016;0.0;0.0;0.0;0.0;0.1333;14220.0;0.0;0.0501;21;0.0;0.0041;0.0;0.0;0.0402;49467;0.5119899032;21.0;0.0862;8250.0;0.1264;0.0164;0.0;0.0066;0.0099;12779.0;0.0;0.0;0.7738;0.0126;0.0549;0.0;0.0;0.8734;0.0;0.0016;0.0;0.0246;62597;0.0;7136;0.8754732857;13446.0;"";"";10132.0;11432.0;14123.0;16022.0;16279.0;"";""
157085;0.0;0.0283;0.0169;0.01;0.0788;0.0462;0.0024;0.0253;0.0;0.7554;26143;26334;0.0011;0.4348;0.0143;8.0;"University of Kentucky";0.0367;22244;7160.0;0.0208;0.1008;26.0;0.0518;0.1019;15000.0;1159.0;0.0;26.0;0.0;0.0;16100.0;23000.0;0.1749;0.0186;0.0;11484;0.0119;0.0;0.0;0.0009;0.0119;0.0;0.0;0.0;0.0;0.0731;15000.0;0.0128;0.0462;20;550.0;0.0195;565.0;0.0;0.0;61931;0.5687747036;25.0;0.0761;7500.0;0.1064;0.0;0.0;0.015;0.0312;15217.0;0.0;0.0;0.829;0.0017;0.044;0.0;560.0;0.9079;0.0581;0.029;0.0;0.0512;81686;0.0;10251;0.8898550725;17617.0;"";"";13535.0;13914.0;17156.0;20878.0;21637.0;"";""
157386;0.0468;0.0262;0.0176;0.0;0.039;0.0434;0.0047;0.0047;0.1167;0.8811;19454;12744;0.0;0.4718;0.0739;0.0;"Morehead State University";0.0209;6647;994.0;0.0122;0.0;23.0;0.0448;0.0387;15213.5;1066.0;0.0;23.0;0.0;0.0;15804.0;24000.0;0.1214;0.0231;0.0;8496;0.0095;0.0;0.0;0.0009;0.0095;0.0;0.0;0.0075;0.0;0.1449;15000.0;0.0;0.0197;22;454.0;0.0041;475.0;0.0;0.0482;35407;0.6175595238;21.0;0.171;9500.0;0.095;0.0;0.0;0.0068;0.0502;14984.0;0.0;0.0;0.8223;0.0017;0.017;0.0;475.0;0.8556;0.0353;0.0086;0.0;0.0;48213;0.0;6602;0.8330357143;11308.0;"";"";9027.0;9869.0;12412.0;14610.0;14962.0;"";""
157863;0.0;0.0636;0.015;0.0;0.1458;0.0301;0.0075;0.0033;0.0;0.7007;35838;25135;0.0;0.6993;0.0226;0.0;"Union College";0.0417;912;227.0;0.0451;0.0;20.0;0.0376;0.0602;12000.0;950.0;35838.0;19.0;0.0;0.0;13500.0;25000.0;0.1504;0.0;0.0;25135;0.0451;0.0;35838.0;0.0011;0.0;0.0;0.0;0.0;0.0;0.0933;12000.0;0.0;0.0451;21;0.0;0.0376;0.0;18383.0;0.0752;36523;0.4579124579;19.0;0.1729;6625.0;0.2256;0.0301;0.0;0.0;0.0;11560.0;22496.0;16434.0;1.0;0.0033;0.0307;0.0;0.0;0.6749;0.0;0.0099;17217.0;0.0;48660;0.0;4817;0.9292929293;0.0;"";"";0.0;0.0;0.0;0.0;0.0;"";""
160977;0.0;0.0685;0.0714;0.0649;0.0579;0.2814;0.039;0.0421;0.0;0.6983;64590;50310;0.0368;0.2734;0.0;0.0;"Bates College";0.0433;1780;0.0;0.0;0.0022;0.0;0.1407;0.0;13000.0;0.0;20021.0;0.0;0.0;0.0;14368.0;14117.0;0.0;0.0671;0.0;50310;0.0519;0.0;38977.0;0.0;0.0519;0.0;0.0;0.0;0.0;0.0;13875.0;0.0;0.1017;19;0.0;0.0216;0.0;12108.0;0.0;86734;0.491638796;0.0;0.0;4500.0;0.0;0.0;0.0;0.0195;0.0498;9475.5;25100.0;6819.0;0.8357;0.0011;0.0865;0.0;0.0;0.2265;0.0;0.0022;3497.0;0.0;123832;0.0;10976;0.8494983278;0.0;"";"";0.0;0.0;0.0;0.0;0.0;"";""
161004;0.0;0.0472;0.0542;0.0;0.0611;0.3362;0.0174;0.0611;0.0;0.6437;63440;49900;0.026;0.1946;0.0;0.0;"Bowdoin College";0.0656;1799;0.0;0.026;0.0;0.0;0.1757;0.0;16778.0;0.0;20976.0;0.0;0.0;0.0;14750.0;18646.5;0.0;0.0976;0.0;49900;0.0521;0.0;34142.0;0.0006;0.0542;0.0;0.0;0.0;0.0;0.0017;20500.0;0.0;0.0304;19;0.0;0.0087;0.0;11057.0;0.0;61622;0.5064102564;0.0;0.0;9646.0;0.0043;0.0;0.0;0.0456;0.0716;7500.0;20695.0;8525.0;0.8207;0.0028;0.1067;0.0;0.0;0.1484;0.0;0.0111;6822.0;0.0;96476;0.0;11649;0.6442307692;0.0;"";"";0.0;0.0;0.0;0.0;0.0;"";""
161086;0.0;0.1134;0.0595;0.0873;0.0373;0.248;0.0159;0.0596;0.0;0.6179;63330;50960;0.0278;0.1729;0.0;0.0;"Colby College";0.0452;1879;0.0;0.0337;0.0;32.0;0.1389;0.0;17799.0;1383.0;20451.0;32.0;0.0;0.0;16155.0;19172.0;0.0;0.0774;0.0;50960;0.0456;0.0;37890.0;0.0016;0.0298;0.0;0.0;0.0;0.0;0.0022;20800.0;0.0;0.0873;19;680.0;0.0675;693.0;17088.0;0.0;94859;0.5679758308;30.0;0.0;7031.0;0.0139;0.0;0.0;0.0317;0.0357;10000.0;25848.0;15007.0;0.9025;0.0032;0.0703;0.0;678.0;0.1871;0.0;0.0516;6481.0;0.0;121521;0.0;11759;0.7099697885;0.0;"";"";0.0;0.0;0.0;0.0;0.0;"";""
161554;0.0286;0.0147;0.027;0.0151;0.048;0.1273;0.0048;0.0239;0.0326;0.8058;21508;18508;0.0048;0.5186;0.027;0.0;"University of Southern Maine";0.0311;5233;1666.0;0.0111;0.0422;22.0;0.0398;0.0541;14000.0;984.0;0.0;21.0;0.0;0.0;15061.0;21505.0;0.2108;0.0119;0.0;7796;0.0263;0.0;0.0;0.0006;0.0056;0.0;0.0;0.0;0.0;0.3201;12791.0;0.0;0.0461;23;485.0;0.008;485.0;0.0;0.0143;35814;0.6078147612;22.0;0.183;8750.0;0.0215;0.0;0.0;0.0111;0.0469;14173.0;0.0;0.0;0.3868;0.0075;0.0266;0.0;495.0;0.8025;0.0;0.0418;0.0;0.0;52565;0.0;8946;0.8154848046;14994.0;"";"";12059.0;11998.0;16780.0;18873.0;20067.0;"";""
164465;0.0;0.0937;0.0903;0.0324;0.1159;0.2407;0.0162;0.1408;0.0;0.428;66572;52476;0.0856;0.1655;0.0;0.0;"Amherst College";0.0488;1846;0.0;0.0509;0.0;33.0;0.088;0.0;12000.0;1451.0;20290.0;34.0;0.0;0.0;12871.0;13000.0;0.0;0.0509;0.0;52476;0.0671;0.0;43142.0;0.0;0.0764;0.0;0.0;0.0301;0.0;0.0145;14795.5;0.0116;0.0718;19;725.0;0.0093;730.0;13268.0;0.0;42053;0.5439093484;32.0;0.0;6124.0;0.0;0.0;0.0;0.0231;0.0556;5209.0;22036.0;4764.0;0.8984;0.0043;0.1371;0.0;728.0;0.1369;0.0;0.0314;6228.0;0.0;78988;0.0;12751;0.5014164306;0.0;"";"";0.0;0.0;0.0;0.0;0.0;"";""
166027;0.0;0.112;0.0319;0.0066;0.0686;0.3284;0.0083;0.1881;0.0209;0.4296;64400;47074;0.0187;0.0355;0.0;9.0;"Harvard University";0.0653;7447;19993.0;0.0572;0.0424;34.0;0.1397;0.0;7000.0;1506.0;11222.0;34.0;0.0;0.0;6000.0;6100.0;0.0;0.049;0.0;47074;0.0726;0.0;44238.0;0.0005;0.1001;0.0;0.0;0.0;0.0;0.2061;7500.0;0.0;0.0556;22;750.0;0.0176;760.0;6577.0;0.0;33066;0.5015384615;33.0;0.0;8647.0;0.0;0.0;0.0;0.0242;0.027;6617.0;14981.0;1665.0;0.8662;0.0032;0.1111;0.0;755.0;0.054;0.0;0.0216;3294.0;0.0;62458;0.0;19152;0.4205128205;0.0;"";"";0.0;0.0;0.0;0.0;0.0;"";""
166124;0.0;0.0253;0.0744;0.0;0.0443;0.3534;0.0286;0.0517;0.0;0.6991;61446;48940;0.0;0.5068;0.0;0.0;"College of the Holy Cross";0.0312;2689;0.0;0.0;0.0;0.0;0.0629;0.0;27000.0;0.0;27062.0;0.0;0.0;0.0;29800.0;28000.0;0.0;0.093;0.0;48940;0.0629;0.0;44629.0;0.0007;0.0615;0.0;0.0;0.0;0.0;0.0004;27000.0;0.0;0.1488;19;0.0;0.0258;0.0;17426.0;0.0;106778;0.526439483;0.0;0.0;10500.0;0.0;0.0;0.0;0.0572;0.0315;24900.0;33158.0;13953.0;0.8864;0.0011;0.0993;0.0;0.0;0.3846;0.0;0.0472;9169.0;0.0;133630;0.0;10883;0.9494712103;0.0;"";"";0.0;0.0;0.0;0.0;0.0;"";""
166683;0.0;0.0953;0.0018;0.0;0.0599;0.0126;0.0;0.2589;0.0054;0.3511;63250;48452;0.0;0.1555;0.0;9.0;"Massachusetts Institute of Technology";0.0666;4489;6852.0;0.2655;0.4212;34.0;0.0801;0.0027;15346.0;1519.0;16544.0;34.0;0.0;0.0;15000.0;17125.0;0.0162;0.0774;0.0;48452;0.0;0.0;42237.0;0.0002;0.0648;0.0;0.0;0.0;0.0;0.0068;17750.0;0.0126;0.0;19;735.0;0.036;780.0;8633.0;0.0;53870;0.3718887262;35.0;0.0;10777.5;0.0;0.0;0.0;0.0018;0.0018;9874.0;22549.0;3029.0;0.9902;0.0011;0.1495;0.0;745.0;0.0794;0.0;0.0174;5968.0;0.0;86738;0.0;17545;0.5241581259;0.0;"";"";0.0;0.0;0.0;0.0;0.0;"";""
166939;0.0;0.2694;0.0667;0.0315;0.0542;0.2444;0.0074;0.1051;0.0;0.4502;58604;45866;0.05;0.4374;0.0;0.0;"Mount Holyoke College";0.0335;2179;128.0;0.0333;0.0;0.0;0.1981;0.0;19500.0;0.0;21721.0;0.0;0.0;0.0;22000.0;21250.0;0.0;0.0426;0.0;45866;0.037;0.0;34710.0;0.0005;0.0352;0.0;0.0;0.0;0.0;0.0532;18250.0;0.0148;0.0889;20;0.0;0.0315;0.0;17552.0;0.0;68909;0.0;0.0;0.0;8000.0;0.0333;0.0;0.0;0.0259;0.0593;20000.0;25282.0;10827.0;0.9534;0.0009;0.0776;0.0;0.0;0.5219;0.0;0.0087;11694.0;0.0;83742;0.0;9927;0.942339374;0.0;"";"";0.0;0.0;0.0;0.0;0.0;"";""
167835;0.0;0.1442;0.0513;0.0176;0.0603;0.2273;0.022;0.1154;0.0015;0.4525;64483;47904;0.0982;0.5004;0.0;0.0;"Smith College";0.0467;2504;382.0;0.0264;0.0484;0.0;0.1158;0.0;19000.0;0.0;24553.0;0.0;0.0;0.0;19000.0;19000.0;0.0;0.0572;0.0;47904;0.0308;0.0;41073.0;0.0016;0.0176;0.0;0.0;0.0;0.0;0.0404;19000.0;0.0103;0.1114;20;0.0;0.0029;0.0;17814.0;0.0;70695;0.0;0.0;0.0;8000.0;0.0205;0.0;0.0;0.0469;0.0938;19000.0;26321.0;10277.0;0.7728;0.0008;0.1014;0.0;0.0;0.3723;0.0;0.0771;9038.0;0.0;86589;0.0;11953;0.9037227214;0.0;"";"";0.0;0.0;0.0;0.0;0.0;"";""
168218;0.0;0.12;0.0568;0.0258;0.0549;0.2547;0.0241;0.2179;0.0;0.3749;63340;48802;0.0568;0.3267;0.0;9.0;"Wellesley College";0.0591;2350;0.0;0.074;0.0;32.0;0.1411;0.0;9675.0;1403.0;23218.0;33.0;0.0;0.0;8199.0;10000.0;0.0;0.0499;0.0;48802;0.0189;0.0;42274.0;0.0;0.0293;0.0;0.0;0.0;0.0;0.0139;11700.0;0.0138;0.1119;19;700.0;0.0361;700.0;12581.0;0.0;59989;0.0;31.0;0.0;6450.0;0.0;0.0;0.0;0.0499;0.0568;6848.0;21506.0;9228.0;0.7941;0.0009;0.1123;0.0;705.0;0.2859;0.0;0.06;8357.0;0.0;85633;0.0;11985;0.6717557252;0.0;"";"";0.0;0.0;0.0;0.0;0.0;"";""
168227;0.1352;0.0805;0.0;0.0;0.0421;0.0;0.0;0.0709;0.0;0.6301;49642;33724;0.0;0.6825;0.0;0.0;"Wentworth Institute of Technology";0.0611;4274;209.0;0.1239;0.2453;25.0;0.0;0.0;22500.0;1117.0;43034.0;23.0;0.0088;0.0;23600.0;27000.0;0.164;0.0;0.0;33724;0.0;0.0;43598.0;0.0002;0.0213;0.0;0.0;0.0;0.0;0.1034;21431.0;0.2403;0.0;20;505.0;0.0;580.0;42122.0;0.0;82446;0.2059347181;26.0;0.0;8750.0;0.0;0.0;0.0;0.0;0.0613;23250.0;41855.0;39299.0;1.0;0.0019;0.0304;0.0;535.0;0.7058;0.0;0.0828;37823.0;0.0;94054;0.0;8307;0.9525222552;0.0;"";"";0.0;0.0;0.0;0.0;0.0;"";""
168342;0.0;0.0793;0.0672;0.0112;0.0749;0.2743;0.0168;0.1282;0.0;0.5328;66240;51790;0.0336;0.269;0.0;0.0;"Williams College";0.0607;2044;57.0;0.0634;0.0;33.0;0.1026;0.0;13750.0;1439.0;19245.0;34.0;0.0;0.0;11505.0;14489.0;0.0;0.1175;0.0;51790;0.0597;0.0;42003.0;0.0;0.0672;0.0;0.0;0.0;0.0;0.0042;15994.0;0.0;0.0504;19;725.0;0.0;715.0;10448.0;0.0;52356;0.5123595506;33.0;0.0;5500.0;0.0;0.0;0.0;0.0429;0.0933;5190.5;21102.0;3871.0;0.8333;0.001;0.1233;0.0;720.0;0.1761;0.0;0.0;1910.0;0.0;97611;0.0;12445;0.595505618;0.0;"";"";0.0;0.0;0.0;0.0;0.0;"";""
168421;0.0;0.1118;0.0;0.0;0.0271;0.0;0.0;0.0407;0.0011;0.6255;60878;46994;0.0;0.5862;0.0;0.0;"Worcester Polytechnic Institute";0.0262;4320;2210.0;0.1267;0.696;0.0;0.0705;0.0;27000.0;0.0;37163.0;0.0;0.0;0.0;28258.0;27000.0;0.0441;0.0209;0.0;46994;0.0;0.0;42222.0;0.0;0.033;0.0;0.0;0.0;0.0;0.0123;27000.0;0.0;0.0022;19;0.0;0.0055;0.0;32307.0;0.0;114021;0.3649222065;0.0;0.0;17674.0;0.0;0.0;0.0;0.0;0.0;28000.0;38137.0;29298.0;0.6891;0.0037;0.0912;0.0;0.0;0.4844;0.0;0.0738;27379.0;0.0;129500;0.0;11664;0.9830268741;0.0;"";"";0.0;0.0;0.0;0.0;0.0;"";""
169798;0.0444;0.0195;0.0186;0.0036;0.1968;0.0618;0.0027;0.0246;0.0;0.6451;21828;27702;0.0021;0.6957;0.0627;0.0;"Eastern Michigan University";0.0389;17025;3564.0;0.018;0.0009;22.0;0.0348;0.0471;18500.0;1030.0;0.0;22.0;0.0108;0.0;18750.0;25270.0;0.1905;0.012;0.0;11209;0.0123;0.0;0.0;0.0007;0.0057;0.0;0.0054;0.0027;0.0;0.2293;16125.0;0.0033;0.0603;22;490.0;0.0603;515.0;0.0;0.0231;36983;0.6105377512;21.0;0.144;12000.0;0.1014;0.0054;0.0;0.0093;0.0567;19263.0;0.0;0.0;0.9903;0.0026;0.0492;0.0;510.0;0.7288;0.0;0.0226;0.0;0.0;51653;0.0;9389;0.8730309614;14165.0;"";"";12176.0;12618.0;14337.0;16541.0;17350.0;"";""
171100;0.0289;0.1247;0.0178;0.0131;0.07;0.1107;0.0009;0.05;0.0041;0.6726;25809;37890;0.0006;0.4363;0.0092;9.0;"Michigan State University";0.0297;38851;11250.0;0.0145;0.0764;27.0;0.0994;0.1254;21829.0;1194.0;0.0;27.0;0.0001;0.0;25330.0;25200.0;0.1794;0.0127;0.0;14062;0.0045;0.0;0.0;0.0008;0.0116;0.0;0.0;0.0084;0.001;0.0322;20500.0;0.0031;0.0397;19;520.0;0.0155;605.0;0.0;0.0363;70982;0.5534790109;26.0;0.0405;10773.0;0.0294;0.0199;0.0;0.0118;0.0218;22000.0;0.0;0.0;0.8663;0.0023;0.0417;0.0;520.0;0.6574;0.0498;0.0082;0.0;0.0135;89132;0.0;11413;0.8943837454;17120.0;"";"";6665.0;12416.0;18143.0;22871.0;24846.0;"";""
172644;0.0124;0.0249;0.0179;0.0016;0.1737;0.0547;0.0039;0.0884;0.0;0.5819;22276;26220;0.0065;0.5449;0.0469;0.0;"Wayne State University";0.0354;16671;10018.0;0.0195;0.0638;24.0;0.0605;0.0456;16500.0;1086.0;0.0;24.0;0.0;0.0;15850.0;22899.0;0.1712;0.0244;0.0;12269;0.0101;0.0;0.0;0.0008;0.0088;0.0;0.0;0.0;0.0;0.252;14665.0;0.0;0.124;23;0.0;0.0003;572.0;0.0;0.0;28605;0.5950972105;22.0;0.1064;11250.0;0.0599;0.0348;0.0;0.0179;0.0641;17596.5;0.0;0.0;0.5519;0.0029;0.0524;0.0;550.0;0.8146;0.0;0.0395;0.0;0.0345;45228;0.0101;10186;0.7965624119;11366.0;"";"";8107.0;10194.0;11682.0;16272.0;17275.0;"";""
172699;0.0167;0.0394;0.0173;0.0016;0.1257;0.0274;0.0025;0.018;0.0;0.7114;23598;26851;0.0016;0.6359;0.0236;0.0;"Western Michigan University";0.0357;17984;4914.0;0.02;0.0639;22.0;0.0398;0.051;20188.0;1030.0;0.0;21.0;0.0;0.0077;21000.0;26364.0;0.2047;0.0085;0.0;11493;0.0038;0.0;0.0;0.0008;0.0025;0.0;0.0277;0.0;0.0;0.1313;19461.5;0.0;0.0565;21;0.0;0.081;500.0;0.0;0.0307;51033;0.5443729003;22.0;0.1161;11000.0;0.0612;0.0318;0.0;0.0096;0.0565;21432.5;0.0;0.0;0.6313;0.0044;0.0562;0.0;508.0;0.8231;0.0;0.0085;0.0;0.0359;67159;0.0;9642;0.9140537514;16824.0;"";"";12453.0;14731.0;17412.0;19807.0;20391.0;"";""
173258;0.0;0.1017;0.0644;0.0201;0.045;0.1992;0.0282;0.0856;0.0;0.6161;64420;50874;0.0241;0.4628;0.0;0.0;"Carleton College";0.0567;2045;0.0;0.1006;0.0;32.0;0.1127;0.0;19401.0;1413.0;22396.0;0.0;0.0;0.0;20667.0;20000.0;0.0;0.1268;0.0;50874;0.0644;0.0;38398.0;0.001;0.0644;0.0;0.0;0.0;0.0;0.003;18714.0;0.0;0.0604;19;705.0;0.006;715.0;14682.0;0.0;78779;0.4594594595;0.0;0.0;10000.0;0.0;0.0;0.0;0.0302;0.0986;18633.0;26745.0;13473.0;0.8369;0.0015;0.0748;0.0;715.0;0.2262;0.0;0.0176;12207.0;0.0;98790;0.0;11688;0.855036855;0.0;"";"";0.0;0.0;0.0;0.0;0.0;"";""
173647;0.0;0.0449;0.0254;0.0299;0.024;0.1254;0.0284;0.0436;0.0;0.7945;52768;42840;0.0254;0.649;0.0;0.0;"Gustavus Adolphus College";0.0351;2248;0.0;0.0179;0.0;0.0;0.1209;0.0597;26250.0;0.0;21848.0;0.0;0.0;0.0;27000.0;27000.0;0.1134;0.0567;0.0;42840;0.0269;0.0;27946.0;0.0009;0.0343;0.0;0.0;0.0;0.0;0.0034;25000.0;0.0;0.1119;19;0.0;0.003;0.0;15979.0;0.0582;78419;0.5415704388;0.0;0.0373;9500.0;0.0522;0.0;0.0;0.0299;0.0433;27000.0;20801.0;14040.0;0.795;0.0009;0.0489;0.0;0.0;0.648;0.0;0.0071;12707.0;0.0;91077;0.0;7254;0.954965358;0.0;"";"";0.0;0.0;0.0;0.0;0.0;"";""
173920;0.0249;0.0718;0.0109;0.0047;0.0522;0.063;0.0;0.0376;0.0408;0.748;18844;15602;0.0086;0.5639;0.0253;0.0;"Minnesota State University-Mankato";0.0304;12154;1973.0;0.0237;0.0338;22.0;0.0408;0.0579;14897.5;1029.0;0.0;22.0;0.0008;0.0;15625.0;22198.0;0.1695;0.0051;0.0;7858;0.007;0.0;0.0;0.0005;0.0043;0.0;0.0148;0.0;0.0;0.1095;14919.0;0.0;0.0443;21;0.0;0.0179;536.0;0.0;0.0754;68513;0.5695216908;21.0;0.1419;8147.5;0.0708;0.0474;0.0;0.0047;0.0362;13255.0;0.0;0.0;0.6616;0.0027;0.0445;0.0;461.0;0.6249;0.0004;0.0122;0.0;0.0253;77273;0.0;9170;0.9102706711;15455.0;"";"";10868.0;11624.0;14274.0;17661.0;18471.0;"";""
174844;0.0;0.0829;0.0511;0.0262;0.0211;0.1835;0.0288;0.0642;0.0144;0.7292;54630;44180;0.0301;0.4967;0.0223;0.0;"St Olaf College";0.0334;2991;0.0;0.0236;0.0;29.0;0.152;0.0;24500.0;1279.0;24601.0;30.0;0.0;0.0;25000.0;27000.0;0.0;0.0826;0.0;44180;0.0301;0.0;34295.0;0.0003;0.0655;0.0;0.0;0.0;0.0;0.0046;23250.0;0.0;0.0721;19;0.0;0.0039;635.0;15816.0;0.0275;90436;0.5426695842;28.0;0.0301;8125.0;0.0301;0.0;0.0026;0.0262;0.097;26000.0;24042.0;10012.0;0.7227;0.001;0.0578;0.0;625.0;0.4476;0.0;0.01;10929.0;0.0;107987;0.0;8777;0.95404814;0.0;"";"";0.0;0.0;0.0;0.0;0.0;"";""
176080;0.0167;0.0126;0.0097;0.0209;0.2019;0.0427;0.0042;0.0125;0.0006;0.7221;22818;20900;0.0;0.4887;0.0139;0.0;"Mississippi State University";0.0161;17371;3532.0;0.0151;0.1511;25.0;0.0533;0.0491;14653.0;1125.0;0.0;26.0;0.0;0.0;14534.5;23000.0;0.1687;0.0397;0.0;7780;0.01;0.0;0.0;0.0007;0.0064;0.0;0.0;0.0;0.0;0.0952;14286.0;0.0161;0.0488;21;0.0;0.0648;0.0;0.0;0.0821;38988;0.5395308427;23.0;0.0094;8500.0;0.0769;0.0;0.0;0.0079;0.0142;14950.5;0.0;0.0;0.8743;0.0044;0.0265;0.0;0.0;0.5567;0.0572;0.0032;0.0;0.0203;60272;0.0003;8431;0.8569359977;15656.0;"";"";13245.0;13684.0;18109.0;19494.0;19121.0;"";""
178396;0.0;0.0372;0.0151;0.0105;0.0777;0.0501;0.0048;0.0232;0.0145;0.785;23962;25892;0.0148;0.4351;0.008;0.0;"University of Missouri-Columbia";0.031;25544;7362.0;0.0245;0.0874;26.0;0.0528;0.1165;17841.0;1183.0;0.0;27.0;0.0;0.0;19000.0;22000.0;0.1534;0.0148;0.0;9518;0.0111;0.0;0.0;0.0004;0.0094;0.0;0.0;0.0;0.0;0.0338;17500.0;0.0;0.0431;20;0.0;0.0255;585.0;0.0;0.021;76951;0.5432424917;25.0;0.1432;9255.5;0.0511;0.0;0.0;0.0148;0.018;17500.0;0.0;0.0;0.7315;0.002;0.0375;0.0;570.0;0.747;0.0506;0.006;0.0;0.0449;96072;0.0;9095;0.8918242492;17157.0;"";"";12060.0;12746.0;15203.0;19545.0;21444.0;"";""
178402;0.0;0.045;0.02;0.016;0.1457;0.0389;0.0069;0.0762;0.099;0.57;21575;18886;0.0;0.3939;0.0;0.0;"University of Missouri-Kansas City";0.0359;7904;5232.0;0.0343;0.059;25.0;0.0498;0.0532;15000.0;1126.0;0.0;24.0;0.0;0.0;15500.0;21000.0;0.1757;0.0612;0.0;7846;0.0143;0.0;0.0;0.0016;0.0114;0.0;0.0;0.0;0.0;0.1977;13000.0;0.0029;0.0544;23;0.0;0.0;560.0;0.0;0.0;37544;0.6063576159;25.0;0.1717;9500.0;0.0458;0.0303;0.0;0.012;0.0429;16213.0;0.0;0.0;0.6075;0.0032;0.0872;0.0;580.0;0.6187;0.0;0.0352;0.0;0.0;57335;0.0;8826;0.8362913907;15764.0;"";"";13543.0;14168.0;15420.0;18283.0;18637.0;"";""
179566;0.0056;0.0428;0.0202;0.0036;0.0469;0.0811;0.0046;0.0138;0.0096;0.8124;20296;14110;0.0;0.4888;0.0132;0.0;"Missouri State University-Springfield";0.0363;17277;3222.0;0.0222;0.0003;24.0;0.049;0.0536;14750.0;1090.0;0.0;25.0;0.0;0.0;14935.0;22424.0;0.2886;0.0165;0.0;7060;0.0046;0.0003;0.0;0.0009;0.0066;0.0;0.0;0.0;0.0;0.1258;14080.5;0.001;0.0625;21;0.0;0.0106;552.0;0.0;0.0407;48636;0.6103059581;23.0;0.0589;8750.0;0.1294;0.0;0.0;0.0053;0.0414;15000.0;0.0;0.0;0.6725;0.0047;0.0347;0.0;540.0;0.8438;0.0387;0.0075;0.0;0.0318;63829;0.0;7442;0.8586956522;15687.0;"";"";12114.0;12549.0;15233.0;17372.0;18099.0;"";""
180179;0.0396;0.0235;0.0111;0.0025;0.0127;0.0124;0.0;0.0088;0.0989;0.8117;16142;18216;0.0;0.4553;0.0;0.0;"Montana State University-Billings";0.0288;3536;394.0;0.0173;0.0;0.0;0.0136;0.0309;9250.0;0.0;0.0;0.0;0.0;0.0358;9000.0;17955.0;0.225;0.0025;0.0;5826;0.0074;0.0;0.0;0.0025;0.0012;0.0;0.0;0.0;0.0049;0.4055;7500.0;0.0;0.0655;25;0.0;0.0309;0.0;0.0;0.0383;34882;0.6325995807;0.0;0.1619;7635.0;0.1174;0.0334;0.0;0.0037;0.0161;10000.0;0.0;0.0;0.4922;0.0441;0.0566;0.0297;0.0;0.0;0.0;0.0113;0.0;0.0;50676;0.0;6646;0.821278826;13827.0;"";"";11418.0;12399.0;14913.0;16054.0;16142.0;"";""
180461;0.0424;0.0331;0.0204;0.0112;0.0066;0.0532;0.0025;0.0094;0.0403;0.8424;19441;23186;0.0;0.4238;0.0;0.0;"Montana State University";0.0375;14149;2019.0;0.0229;0.1487;25.0;0.0719;0.0;13000.0;1126.0;0.0;24.0;0.0;0.0;13500.0;23505.0;0.0993;0.0312;0.0;6887;0.0145;0.0;0.0;0.0013;0.0096;0.0;0.0037;0.0;0.0;0.1387;11062.0;0.0233;0.0332;21;550.0;0.0091;570.0;0.0;0.0;56045;0.4928072339;25.0;0.1018;8000.0;0.0582;0.0;0.0;0.0108;0.0619;15160.0;0.0;0.0;0.6189;0.015;0.0388;0.0091;560.0;0.8287;0.0328;0.0159;0.0;0.0881;73865;0.0;8470;0.8795725442;17050.0;"";"";13920.0;14863.0;17234.0;19210.0;19441.0;"";""
181394;0.0;0.037;0.02;0.0082;0.0608;0.0518;0.0045;0.0354;0.0375;0.6736;17712;19124;0.0037;0.4076;0.0163;7.0;"University of Nebraska at Omaha";0.0447;12333;3091.0;0.0681;0.0;23.0;0.0498;0.0379;12354.0;1050.0;0.0;22.0;0.0;0.0;12500.0;19500.0;0.2716;0.0049;0.0041;7204;0.0184;0.0;0.0;0.0013;0.0077;0.0;0.0102;0.0008;0.0;0.2227;12000.0;0.0;0.0542;22;498.0;0.0277;545.0;0.0;0.0249;46908;0.5608272506;21.0;0.0281;8250.0;0.0946;0.0971;0.0;0.0114;0.0465;12500.0;0.0;0.0;0.5046;0.0024;0.1237;0.0;525.0;0.8648;0.0;0.0212;0.0;0.0;62342;0.0;8204;0.7433090024;12899.0;"";"";9508.0;10024.0;12679.0;15908.0;16903.0;"";""
182670;0.0;0.0846;0.0381;0.0176;0.0693;0.376;0.0214;0.1525;0.0;0.4979;67044;51438;0.0279;0.2429;0.0;0.0;"Dartmouth College";0.0515;4230;2099.0;0.0622;0.1068;32.0;0.0891;0.0;12000.0;1441.0;16240.0;33.0;0.0;0.0;8491.5;14819.0;0.0;0.0353;0.0;51438;0.0715;0.0;44204.0;0.0026;0.0288;0.0;0.0;0.0;0.0;0.0077;18495.0;0.0;0.0455;20;725.0;0.0102;730.0;10048.0;0.0;68455;0.5240585774;32.0;0.0;5000.0;0.0;0.0;0.0;0.0409;0.0288;6000.0;27080.0;6468.0;0.8198;0.0232;0.0917;0.0;725.0;0.1059;0.0;0.0267;7847.0;0.0;102529;0.0;15009;0.7709205021;0.0;"";"";0.0;0.0;0.0;0.0;0.0;"";""
183044;0.0044;0.0301;0.0375;0.0385;0.0131;0.0624;0.002;0.0241;0.001;0.814;31168;31424;0.0013;0.665;0.0142;0.0;"University of New Hampshire-Main Campus";0.018;12653;2331.0;0.0175;0.0877;25.0;0.0965;0.058;23000.0;1101.0;0.0;25.0;0.0;0.0;25000.0;27000.0;0.1941;0.0128;0.0;17624;0.0202;0.0;0.0;0.0001;0.0078;0.0;0.0;0.0;0.0;0.0293;22250.0;0.0024;0.0729;20;540.0;0.0283;555.0;0.0;0.0547;89334;0.5576019545;25.0;0.079;11000.0;0.003;0.0;0.0;0.0175;0.0226;22875.5;0.0;0.0;0.654;0.0018;0.034;0.0;540.0;0.7586;0.0277;0.0648;0.0;0.0327;101251;0.003;11483;0.9633527532;24879.0;"";"";16750.0;18705.0;22656.0;27331.0;30004.0;"";""
186131;0.0;0.1194;0.039;0.0;0.0777;0.1882;0.0268;0.2135;0.0;0.4362;61860;45320;0.0168;0.0452;0.1079;9.0;"Princeton University";0.0384;5236;2781.0;0.0;0.2586;34.0;0.0941;0.0;7500.0;1493.0;12614.0;34.0;0.0;0.0;4170.0;7500.0;0.0;0.0612;0.0;45320;0.0666;0.0;32706.0;0.0015;0.0222;0.0;0.0;0.0;0.0;0.0056;12850.0;0.0077;0.052;19;750.0;0.0092;755.0;4557.0;0.0;37036;0.5136436597;33.0;0.0;5500.0;0.0;0.0;0.0;0.0275;0.0222;3835.0;10256.0;2705.0;0.8308;0.0013;0.0964;0.0;740.0;0.0652;0.0;0.0155;2469.0;0.0;63667;0.0;17132;0.2407704655;0.0;"";"";0.0;0.0;0.0;0.0;0.0;"";""
186867;0.0337;0.0463;0.0036;0.0;0.0206;0.0036;0.0;0.1123;0.0089;0.6668;62100;48838;0.0;0.6052;0.0;0.0;"Stevens Institute of Technology";0.0;3109;3502.0;0.0551;0.6892;31.0;0.0426;0.0;26000.0;1360.0;34344.0;31.0;0.0;0.0;27000.0;27000.0;0.1155;0.0107;0.0;48838;0.0;0.0;39775.0;0.0;0.0071;0.0;0.0;0.0;0.0;0.0097;25750.0;0.0;0.0;19;0.0;0.0;705.0;31221.0;0.0;117032;0.2847358121;31.0;0.0;15000.0;0.0;0.0;0.0;0.0;0.0302;26125.0;35309.0;25785.0;1.0;0.0006;0.0952;0.0;645.0;0.3911;0.0;0.0582;24834.0;0.0;133007;0.0;12620;0.9589041096;0.0;"";"";0.0;0.0;0.0;0.0;0.0;"";""
187967;0.0;0.026;0.0306;0.0034;0.0178;0.0;0.0;0.0342;0.0238;0.5144;19956;20041;0.0;0.4644;0.0;0.0;"New Mexico Institute of Mining and Technology";0.0486;1460;566.0;0.068;0.6259;26.0;0.0952;0.0;11709.5;1195.0;0.0;26.0;0.0;0.0;11000.0;19500.0;0.0102;0.0816;0.0;6891;0.0;0.0;0.0;0.0007;0.051;0.0;0.0;0.0;0.0;0.1614;10817.0;0.0;0.0102;21;0.0;0.0;610.0;0.0;0.0;39182;0.2549450549;26.0;0.0;8750.0;0.0;0.0;0.0;0.0;0.0;12500.0;0.0;0.0;0.6445;0.0349;0.3075;0.0;620.0;0.2345;0.0;0.0158;0.0;0.0;57116;0.0;8199;0.7296703297;12880.0;"";"";8801.0;10740.0;13756.0;15278.0;15160.0;"";""
188030;0.0213;0.0528;0.0184;0.0162;0.0297;0.0439;0.004;0.0118;0.058;0.2797;17053;19652;0.0018;0.3808;0.0198;7.0;"New Mexico State University-Main Campus";0.0177;11421;2825.0;0.0303;0.1016;21.0;0.0447;0.0202;10500.0;982.0;0.0;20.0;0.0115;0.0;9495.0;17000.0;0.1664;0.013;0.0;6094;0.0097;0.0;0.0;0.0019;0.0058;0.0;0.0;0.0;0.0;0.2231;10390.0;0.0;0.0389;23;460.0;0.0;480.0;0.0;0.0252;23951;0.5765614035;21.0;0.0706;6750.0;0.0692;0.08;0.0;0.0263;0.045;11000.0;0.0;0.0;0.7555;0.0215;0.5604;0.0;465.0;0.5961;0.0461;0.0244;0.0;0.0122;34045;0.0;8541;0.4610526316;9571.0;"";"";7701.0;8803.0;10605.0;13448.0;13483.0;"";""
190099;0.0;0.0907;0.0665;0.0458;0.0453;0.325;0.0369;0.037;0.0;0.659;64800;51955;0.0192;0.2741;0.0;0.0;"Colgate University";0.0373;2868;8.0;0.0369;0.0;32.0;0.1403;0.0;15500.0;1388.0;21082.0;33.0;0.0;0.0;15383.0;16125.0;0.0;0.0709;0.0;51955;0.0576;0.0;42628.0;0.0;0.0207;0.0;0.0;0.0;0.0;0.0039;16500.0;0.0;0.0635;19;0.0;0.0399;695.0;17589.0;0.0;76732;0.5764966741;31.0;0.0;7750.0;0.0074;0.0;0.0;0.0355;0.034;9000.0;23947.0;6086.0;1.0;0.001;0.0924;0.0;680.0;0.2878;0.0;0.0373;6892.0;0.0;112062;0.0;11565;0.8492239468;0.0;"";"";0.0;0.0;0.0;0.0;0.0;"";""
190415;0.0;0.101;0.0125;0.0165;0.0634;0.0913;0.0045;0.1841;0.0008;0.3955;65464;50953;0.0128;0.2971;0.0154;0.0;"Cornell University";0.0452;14471;7753.0;0.0809;0.1698;33.0;0.1432;0.0226;12305.0;1436.0;26312.0;33.0;0.0;0.0;10591.5;12742.0;0.1474;0.0253;0.0;50953;0.0096;0.0;46258.0;0.0009;0.0128;0.0;0.0;0.0;0.0;0.0105;15000.0;0.0303;0.0125;19;0.0;0.0154;730.0;15456.0;0.0;75110;0.5335580754;33.0;0.0;8500.0;0.0;0.0;0.0;0.0088;0.0237;7317.5;30498.0;12382.0;0.9083;0.0044;0.1254;0.0;700.0;0.1409;0.1192;0.0802;16751.0;0.0247;96568;0.0;14492;0.7827152927;0.0;"";"";0.0;0.0;0.0;0.0;0.0;"";""
191515;0.0;0.0653;0.0613;0.0225;0.0402;0.2802;0.0327;0.0696;0.0;0.639;63870;51240;0.0204;0.3367;0.0164;0.0;"Hamilton College";0.0332;1867;0.0;0.0204;0.0;32.0;0.1247;0.0327;16565.0;1402.0;21029.0;0.0;0.0;0.0;15500.0;17000.0;0.0;0.0757;0.0;51240;0.0164;0.0;40022.0;0.0;0.0634;0.0;0.0;0.0;0.0;0.0043;18250.0;0.0;0.0511;19;0.0;0.0225;695.0;9788.0;0.0;83853;0.5421412301;0.0;0.0;5500.0;0.0;0.0;0.0;0.1043;0.0552;12899.0;25074.0;10124.0;0.8814;0.0005;0.0787;0.0;695.0;0.2608;0.0;0.0734;8631.0;0.0;110967;0.0;11186;0.9043280182;0.0;"";"";0.0;0.0;0.0;0.0;0.0;"";""
194824;0.0426;0.1137;0.0;0.0055;0.0335;0.0032;0.0;0.1113;0.0;0.5674;66172;50797;0.0;0.5587;0.0;0.0;"Rensselaer Polytechnic Institute";0.0679;6200;1098.0;0.1192;0.5588;30.0;0.0371;0.0134;27000.0;1365.0;32740.0;0.0;0.0;0.0;33000.0;29000.0;0.0529;0.0339;0.0;50797;0.0;0.0;40214.0;0.0003;0.0316;0.0;0.0;0.0;0.0;0.0182;26677.0;0.0426;0.0079;19;0.0;0.0197;720.0;28882.0;0.0;96975;0.3442307692;0.0;0.0079;9500.0;0.0;0.0;0.0;0.0;0.0237;31000.0;33629.0;21787.0;0.8755;0.0011;0.0868;0.0;660.0;0.4435;0.0;0.0179;21531.0;0.0;112386;0.0;12436;0.9682692308;0.0;"";"";0.0;0.0;0.0;0.0;0.0;"";""
195003;0.1185;0.062;0.0;0.0038;0.0476;0.0117;0.0004;0.0832;0.0575;0.667;50713;38568;0.0;0.6594;0.0011;0.0;"Rochester Institute of Technology";0.0336;12638;3123.0;0.1548;0.1858;29.0;0.0553;0.011;24250.0;1254.0;25082.0;28.0;0.0204;0.0;27000.0;28000.0;0.1048;0.0182;0.0;38568;0.0;0.0;34694.0;0.0002;0.0106;0.0057;0.0;0.0;0.0;0.0591;23000.0;0.0;0.0178;20;575.0;0.0091;635.0;23874.0;0.0;69191;0.3531583265;29.0;0.0382;12500.0;0.0;0.0136;0.0;0.0151;0.1351;24755.0;27348.0;23114.0;0.6731;0.002;0.0737;0.0045;600.0;0.5493;0.0;0.0308;23036.0;0.0068;85809;0.0;10084;0.9394995898;0.0;"";"";0.0;0.0;0.0;0.0;0.0;"";""
195474;0.0;0.0191;0.0598;0.0;0.0369;0.089;0.004;0.0433;0.0;0.7939;50481;34611;0.0066;0.6763;0.0359;0.0;"Siena College";0.0223;3144;61.0;0.0239;0.0;0.0;0.1129;0.0;22898.5;0.0;26933.0;0.0;0.0;0.0;21500.0;26899.0;0.4157;0.0199;0.0;34611;0.0398;0.0;31555.0;0.001;0.0186;0.0;0.0;0.0359;0.0;0.0276;23250.0;0.0;0.0983;19;0.0;0.0013;0.0;23041.0;0.0;84065;0.5239417071;0.0;0.0;8713.5;0.0;0.0;0.0;0.0212;0.0173;21500.0;26137.0;21070.0;0.6486;0.0006;0.0763;0.0;0.0;0.7261;0.0;0.0067;16379.0;0.0;100045;0.0;8244;0.947258848;0.0;"";"";0.0;0.0;0.0;0.0;0.0;"";""
195526;0.0;0.1048;0.0794;0.0357;0.0395;0.1912;0.0162;0.0496;0.013;0.6396;64850;50834;0.0276;0.3147;0.0162;9.0;"Skidmore College";0.0425;2661;6.0;0.0211;0.0;28.0;0.1005;0.0;19000.0;1240.0;24677.0;29.0;0.0;0.0;21375.0;19500.0;0.154;0.0567;0.0;50834;0.0162;0.0;47352.0;0.0;0.0292;0.0;0.0;0.0;0.0;0.003;19500.0;0.0;0.0908;19;615.0;0.0;610.0;15261.0;0.0;78843;0.6302521008;27.0;0.0;8750.0;0.0211;0.0;0.0;0.013;0.1183;10125.0;29042.0;16012.0;0.7952;0.0;0.0909;0.0;615.0;0.2908;0.0;0.0331;11071.0;0.0;116127;0.0;9543;0.8907563025;0.0;"";"";0.0;0.0;0.0;0.0;0.0;"";""
197133;0.0;0.0758;0.0825;0.0238;0.0446;0.2302;0.0238;0.1238;0.0;0.5808;65480;53090;0.027;0.3811;0.0;9.0;"Vassar College";0.0646;2400;0.0;0.0349;0.0;32.0;0.1714;0.0238;15500.0;1409.0;23635.0;33.0;0.0;0.0;13697.0;16250.0;0.0;0.0413;0.0;53090;0.0476;0.0;36810.0;0.0;0.027;0.0;0.0;0.0;0.0;0.0119;18316.0;0.0;0.0556;19;705.0;0.0508;705.0;12188.0;0.0;71194;0.5671232877;30.0;0.0;4992.0;0.0143;0.0;0.0;0.0444;0.1016;6350.5;21581.0;4743.0;0.8439;0.0004;0.1075;0.0;710.0;0.2688;0.0;0.0025;5585.0;0.0;94583;0.0;11572;0.7246575342;0.0;"";"";0.0;0.0;0.0;0.0;0.0;"";""
197869;0.0146;0.0045;0.017;0.0274;0.0382;0.0577;0.0064;0.0186;0.0043;0.8401;18397;21652;0.0011;0.4719;0.0271;7.0;"Appalachian State University";0.0326;16434;1700.0;0.0146;0.0;25.0;0.0322;0.0798;16000.0;1140.0;0.0;25.0;0.0;0.0;16671.0;20242.0;0.1785;0.0253;0.0;7136;0.0125;0.0;0.0;0.001;0.0077;0.0;0.0;0.0;0.0;0.0732;15444.5;0.0013;0.062;21;550.0;0.0056;570.0;0.0;0.0766;56100;0.5749588138;24.0;0.1104;7500.0;0.1083;0.042;0.0;0.009;0.0623;15674.0;0.0;0.0;0.7764;0.0029;0.0479;0.0;565.0;0.6832;0.004;0.0144;0.0;0.0122;71740;0.0;8263;0.8476112026;13171.0;"";"";6740.0;9032.0;13590.0;17798.0;18146.0;"";""
198385;0.0;0.0676;0.0871;0.0196;0.0676;0.2963;0.0436;0.0536;0.0;0.6739;62894;48376;0.0283;0.2343;0.0;0.0;"Davidson College";0.0408;1791;0.0;0.0;0.0;31.0;0.1416;0.0;16489.0;1353.0;20977.0;0.0;0.0;0.0;13628.5;18218.0;0.0;0.0545;0.0;48376;0.0654;0.0;39244.0;0.0;0.0479;0.0;0.0;0.0;0.0;0.0022;18750.0;0.0;0.1089;19;665.0;0.0174;670.0;11982.0;0.0;80076;0.4613180516;0.0;0.0;5500.0;0.0;0.0;0.0;0.0588;0.0305;10742.5;23926.0;9010.0;0.9788;0.0067;0.0737;0.0;675.0;0.2011;0.0;0.0162;8163.0;0.0;103687;0.0;11820;0.7392550143;0.0;"";"";0.0;0.0;0.0;0.0;0.0;"";""
198464;0.0529;0.0055;0.0085;0.0;0.1589;0.0467;0.0012;0.0287;0.0357;0.6764;20567;22955;0.0;0.5503;0.0152;7.0;"East Carolina University";0.0342;22386;5993.0;0.0157;0.0233;22.0;0.0679;0.0569;18250.0;1040.0;0.0;22.0;0.0;0.0;18500.0;24442.0;0.1761;0.0244;0.0;6997;0.0078;0.0;0.0;0.0011;0.0032;0.0;0.0;0.0;0.0;0.1541;17750.0;0.0014;0.0394;21;495.0;0.0;530.0;0.0;0.0364;51027;0.5933969508;22.0;0.1945;9500.0;0.081;0.0396;0.0;0.0081;0.0322;18672.5;0.0;0.0;0.785;0.0067;0.0649;0.0;520.0;0.7034;0.0;0.0236;0.0;0.032;67648;0.0;8590;0.8811012394;15203.0;"";"";10185.0;11547.0;15470.0;19148.0;20261.0;"";""
199120;0.0;0.0249;0.0216;0.0166;0.0784;0.1374;0.0106;0.1029;0.0018;0.6294;24327;33916;0.0519;0.312;0.0135;9.0;"University of North Carolina at Chapel Hill";0.0431;18169;10946.0;0.0369;0.0071;31.0;0.1113;0.1197;15000.0;1338.0;0.0;31.0;0.0;0.0;15500.0;16661.0;0.0853;0.0409;0.0;8834;0.0223;0.0;0.0;0.0007;0.0316;0.0;0.0;0.0;0.0;0.0386;17374.0;0.0;0.0866;20;645.0;0.0141;665.0;0.0;0.0634;58193;0.6196397942;30.0;0.0711;9781.0;0.0117;0.0;0.0;0.019;0.0205;10605.5;0.0;0.0;0.7826;0.0053;0.0768;0.0;650.0;0.2694;0.0;0.0386;0.0;0.0051;81233;0.0;12349;0.6929674099;13210.0;"";"";3889.0;6306.0;12074.0;19370.0;23197.0;"";""
199139;0.0227;0.0243;0.0229;0.0;0.1627;0.0782;0.0078;0.0602;0.0;0.5896;19723;19934;0.0066;0.5603;0.0116;7.0;"University of North Carolina at Charlotte";0.0418;23246;5317.0;0.0563;0.082;24.0;0.0279;0.0636;16350.0;1112.0;0.0;23.0;0.0;0.0;17500.0;22500.0;0.1953;0.0225;0.0;6763;0.0281;0.0;0.0;0.0014;0.0199;0.0;0.0;0.0;0.0;0.17;15000.0;0.0102;0.0804;22;515.0;0.0076;565.0;0.0;0.0321;44089;0.5223081499;24.0;0.0746;9500.0;0.0463;0.0549;0.0;0.0178;0.0307;16750.0;0.0;0.0;0.7078;0.0031;0.0913;0.0;550.0;0.6203;0.0;0.0257;0.0;0.0;62274;0.0;9092;0.845131866;14665.0;"";"";10373.0;11154.0;14090.0;18127.0;19422.0;"";""
199193;0.0093;0.0438;0.0164;0.0323;0.0597;0.0476;0.0033;0.0589;0.0045;0.7257;22226;26399;0.0014;0.4004;0.0105;8.0;"North Carolina State University at Raleigh";0.0383;22390;9928.0;0.0334;0.2599;29.0;0.0982;0.033;18192.0;1273.0;0.0;29.0;0.0;0.0;18891.0;20714.0;0.142;0.0237;0.0;8880;0.0109;0.0;0.0;0.0007;0.0185;0.0019;0.0;0.0;0.0;0.088;18934.0;0.0104;0.0329;20;585.0;0.0355;645.0;0.0;0.0401;64900;0.4999182873;29.0;0.0;11000.0;0.0277;0.0;0.0;0.0067;0.0201;15667.0;0.0;0.0;0.88;0.004;0.0488;0.0;615.0;0.4751;0.0797;0.0202;0.0;0.0;79302;0.0;10655;0.8571662036;14682.0;"";"";6701.0;8747.0;13244.0;18226.0;20889.0;"";""
200004;0.0477;0.0093;0.0186;0.0181;0.0642;0.0422;0.0035;0.0132;0.004;0.7893;19921;17130;0.0;0.5782;0.0587;0.0;"Western Carolina University";0.0411;9002;1634.0;0.0075;0.007;23.0;0.0387;0.0236;15500.0;1034.0;0.0;22.0;0.0;0.0;16301.0;22500.0;0.1727;0.0176;0.0;6737;0.0156;0.0;0.0;0.0012;0.008;0.0;0.0;0.0;0.0;0.1865;16072.5;0.0;0.0447;22;480.0;0.0055;510.0;0.0;0.0246;46182;0.5731678205;21.0;0.1777;8323.5;0.136;0.0668;0.0;0.0085;0.0527;14234.0;0.0;0.0;0.7262;0.007;0.0624;0.0;505.0;0.4069;0.0;0.0122;0.0;0.0;59990;0.0;7773;0.8646455001;14433.0;"";"";9932.0;11506.0;15377.0;18446.0;19411.0;"";""
200280;0.0055;0.0493;0.015;0.0;0.0244;0.0323;0.0032;0.0174;0.0546;0.8119;19290;19290;0.0;0.493;0.026;0.0;"University of North Dakota";0.0327;10598;3393.0;0.0173;0.1239;24.0;0.0419;0.0492;16850.0;1090.0;0.0;24.0;0.0027;0.0;18500.0;24489.0;0.1503;0.0191;0.0;8136;0.0059;0.0;0.0;0.0012;0.0068;0.0;0.0938;0.0;0.0;0.1723;15566.0;0.0;0.0601;22;0.0;0.0082;545.0;0.0;0.0255;78651;0.4770762379;23.0;0.1462;9500.0;0.0501;0.0291;0.0;0.0082;0.025;17000.0;0.0;0.0;0.9323;0.0135;0.0342;0.0;530.0;0.8369;0.0;0.0154;0.0;0.0;89027;0.0;8735;0.930573749;15045.0;"";"";10616.0;11216.0;13952.0;16205.0;17059.0;"";""
200800;0.0513;0.0234;0.0091;0.0;0.1198;0.0361;0.0028;0.0239;0.0681;0.7462;23039;18801;0.0;0.537;0.0208;0.0;"University of Akron Main Campus";0.0395;15630;3683.0;0.0361;0.0895;23.0;0.0267;0.0343;15500.0;1049.0;0.0;22.0;0.0;0.0;16052.0;25000.0;0.1639;0.0125;0.0;10270;0.0053;0.0;0.0;0.0004;0.0079;0.0;0.0;0.002;0.0;0.1606;14000.0;0.0;0.0356;21;0.0;0.0158;530.0;0.0;0.0203;44867;0.5014330558;22.0;0.1616;9500.0;0.0724;0.0463;0.0;0.0117;0.0292;16500.0;0.0;0.0;0.5226;0.0019;0.0254;0.0;515.0;0.9592;0.0;0.0196;0.0;0.0381;58565;0.0025;9403;0.8712979391;17424.0;"";"";14942.0;15857.0;18239.0;19636.0;19593.0;"";""
201441;0.0153;0.0197;0.0415;0.0093;0.0952;0.0299;0.002;0.0076;0.0319;0.7733;23423;18593;0.004;0.6469;0.0179;0.0;"Bowling Green State University-Main Campus";0.0355;13901;2792.0;0.0083;0.0315;22.0;0.0458;0.0305;16750.0;1012.0;0.0;21.0;0.0265;0.0;17065.5;26000.0;0.1038;0.0083;0.0;11057;0.0056;0.0;0.0;0.0008;0.0083;0.0;0.0073;0.0;0.0;0.0643;17000.0;0.0149;0.0401;20;0.0;0.0139;515.0;0.0;0.0461;63845;0.6013106861;21.0;0.1218;8250.0;0.2107;0.0219;0.0;0.005;0.071;16229.0;0.0;0.0;0.6905;0.0014;0.0439;0.0;510.0;0.7605;0.0;0.0225;0.0;0.0269;73065;0.0;8544;0.9238999599;18272.0;"";"";14495.0;15605.0;18501.0;20208.0;20419.0;"";""
202134;0.0199;0.0511;0.0207;0.0125;0.1749;0.101;0.003;0.035;0.006;0.6339;22462;13819;0.0013;0.5921;0.0479;7.0;"Cleveland State University";0.0323;11752;4512.0;0.0138;0.0764;22.0;0.035;0.0583;14000.0;1029.0;0.0;22.0;0.0;0.0;13500.0;22000.0;0.1792;0.0112;0.0;9768;0.0073;0.0;0.0;0.0012;0.0104;0.0073;0.0;0.0;0.0;0.2696;12500.0;0.0;0.0898;23;485.0;0.0;510.0;0.0;0.0035;33556;0.5893367185;22.0;0.1813;10405.0;0.0635;0.0;0.0;0.0073;0.0432;15000.0;0.0;0.0;0.479;0.0024;0.0536;0.0;515.0;0.8745;0.0;0.0156;0.0;0.0;49675;0.0;9248;0.8752776896;16828.0;"";"";13899.0;14835.0;17954.0;20020.0;19890.0;"";""
202523;0.0;0.0854;0.073;0.0281;0.0663;0.2584;0.015;0.0402;0.0;0.6568;60604;48960;0.0187;0.4392;0.0;0.0;"Denison University";0.0389;2261;0.0;0.0131;0.0;30.0;0.1367;0.1124;23250.0;1318.0;28187.0;29.0;0.0;0.0;26000.0;27000.0;0.0;0.0318;0.0;48960;0.0375;0.0;35264.0;0.0009;0.0393;0.0;0.0;0.0;0.0;0.0031;22375.5;0.0;0.088;19;0.0;0.0;650.0;24233.0;0.0;77800;0.5775316456;29.0;0.0;5500.0;0.0506;0.0;0.0;0.0337;0.0637;22250.0;27944.0;15333.0;1.0;0.0004;0.0946;0.0;635.0;0.4361;0.0;0.0164;12098.0;0.0;103916;0.0;8800;0.9398734177;0.0;"";"";0.0;0.0;0.0;0.0;0.0;"";""
203517;0.0053;0.0514;0.015;0.0027;0.089;0.0264;0.0027;0.0153;0.0158;0.7481;24231;18376;0.0012;0.6013;0.0;7.0;"Kent State University at Kent";0.0351;22907;6483.0;0.024;0.008;23.0;0.0373;0.0811;17125.0;1067.0;0.0;22.0;0.0;0.0;17500.0;25246.5;0.2075;0.0154;0.0;10012;0.0082;0.0;0.0;0.0006;0.007;0.0;0.0189;0.0059;0.0;0.1286;16062.0;0.0174;0.0606;21;510.0;0.0029;530.0;0.0;0.0285;50411;0.6364963504;7.0;0.1821;9340.5;0.0906;0.042;0.0;0.0051;0.0545;17499.0;0.0;0.0;0.5532;0.0015;0.0333;0.0;525.0;0.8536;0.0;0.0257;0.0;0.0338;64075;0.0;8800;0.8863399374;18680.0;"";"";14244.0;15541.0;19100.0;21070.0;21406.0;"";""
204501;0.0;0.0912;0.0799;0.0465;0.0539;0.1453;0.0276;0.039;0.0;0.6611;66870;52002;0.0509;0.34;0.0;0.0;"Oberlin College";0.0722;2895;17.0;0.0465;0.0058;31.0;0.1047;0.0;24931.5;1364.0;28091.0;33.0;0.0;0.0;25106.0;27000.0;0.0;0.0567;0.0;52002;0.0276;0.0;42076.0;0.001;0.0233;0.0;0.0;0.0087;0.0;0.0014;25500.0;0.0;0.0436;19;680.0;0.0044;670.0;24134.0;0.0;111580;0.5568;30.0;0.0;11045.0;0.0;0.0;0.0;0.0378;0.2907;19191.0;33295.0;14731.0;0.8494;0.0;0.0763;0.0;680.0;0.2803;0.0;0.0052;14146.0;0.0;130188;0.0;10956;0.9504;0.0;"";"";0.0;0.0;0.0;0.0;0.0;"";""
204796;0.0;0.0797;0.0175;0.0183;0.0549;0.1031;0.0026;0.064;0.0016;0.6947;25173;28229;0.0028;0.4141;0.0204;9.0;"Ohio State University-Main Campus";0.0312;44762;13651.0;0.006;0.1431;29.0;0.0862;0.0581;15500.0;1296.0;0.0;30.0;0.0;0.0;16000.0;21500.0;0.1698;0.0148;0.0;10037;0.0089;0.0;0.0;0.0006;0.0142;0.0;0.0031;0.0;0.0;0.0795;16415.5;0.0119;0.0541;20;610.0;0.0028;680.0;0.0;0.0178;64713;0.5203439089;30.0;0.0877;7500.0;0.0311;0.0;0.0;0.0184;0.0231;13500.0;0.0;0.0;0.6388;0.0012;0.0384;0.0;605.0;0.5411;0.0422;0.0355;0.0;0.0405;80387;0.0;12010;0.8563816905;17231.0;"";"";8442.0;10850.0;15463.0;20029.0;22376.0;"";""
206084;0.0594;0.0666;0.0081;0.0066;0.115;0.0172;0.007;0.0209;0.0059;0.6891;23464;18885;0.0033;0.4954;0.0191;7.0;"University of Toledo";0.0277;15145;4392.0;0.0209;0.1303;23.0;0.0352;0.0301;13000.0;1070.0;0.0;22.0;0.0;0.0;12704.0;23037.5;0.1809;0.0048;0.0;9547;0.0092;0.0;0.0;0.0006;0.0029;0.0;0.0;0.0081;0.0;0.1493;12857.5;0.0;0.0257;21;495.0;0.0668;545.0;0.0;0.0385;48412;0.5252525253;22.0;0.1894;7500.0;0.0617;0.0385;0.0;0.0044;0.0261;13500.0;0.0;0.0;0.6985;0.0016;0.0489;0.0;520.0;0.9432;0.0;0.0297;0.0;0.0;61779;0.0;8637;0.8603949947;16050.0;"";"";13641.0;14322.0;16317.0;17807.0;18595.0;"";""
206525;0.0;0.0127;0.0461;0.0;0.094;0.122;0.0081;0.0116;0.0136;0.7703;49930;38090;0.0081;0.8113;0.0;0.0;"Wittenberg University";0.0618;1894;28.0;0.0244;0.0;0.0;0.1518;0.0596;20500.0;0.0;24065.0;0.0;0.0;0.0;25000.0;27000.0;0.1301;0.0705;0.0;38090;0.0217;0.0;26815.0;0.0005;0.0271;0.0;0.0;0.0;0.0;0.0552;20550.0;0.0;0.0894;20;0.0;0.0217;0.0;21804.0;0.0298;69012;0.5223404255;0.0;0.0;9500.0;0.0921;0.0;0.0;0.0217;0.0623;15000.0;23777.0;20893.0;0.6961;0.0026;0.0354;0.0;0.0;0.7832;0.0;0.0111;20020.0;0.0;81681;0.0;7096;0.9489361702;0.0;"";"";0.0;0.0;0.0;0.0;0.0;"";""
207388;0.0282;0.0355;0.0082;0.0046;0.0483;0.0375;0.0002;0.0174;0.0373;0.685;22059;22443;0.0014;0.411;0.0;0.0;"Oklahoma State University-Main Campus";0.0927;20827;4521.0;0.0298;0.0932;24.0;0.0579;0.0478;15000.0;1101.0;0.0;25.0;0.0;0.0;14719.0;20750.0;0.2775;0.0098;0.0;8321;0.0062;0.0;0.0;0.0013;0.0073;0.0;0.0142;0.0;0.0;0.1137;15022.5;0.008;0.0391;21;0.0;0.0;550.0;0.0;0.0078;48983;0.5257599543;24.0;0.035;9470.0;0.0552;0.0172;0.0;0.0037;0.0163;15233.0;0.0;0.0;0.8878;0.0458;0.07;0.0;535.0;0.7452;0.0886;0.0041;0.0;0.068;69645;0.0;9073;0.8133295276;13538.0;"";"";8410.0;9546.0;14044.0;18448.0;20046.0;"";""
207500;0.0;0.0436;0.0096;0.0092;0.0489;0.0639;0.0046;0.0617;0.0897;0.6128;25085;25203;0.0063;0.3473;0.0101;0.0;"University of Oklahoma-Norman Campus";0.0767;21082;6309.0;0.013;0.1311;26.0;0.0559;0.0928;15000.0;1189.0;0.0;27.0;0.0;0.0;16000.0;20000.0;0.2056;0.0335;0.0;10881;0.0123;0.0;0.0;0.001;0.0087;0.0;0.0068;0.0;0.0;0.1224;15000.0;0.0092;0.0369;22;0.0;0.0608;610.0;0.0;0.027;50976;0.5573545135;26.0;0.0005;10348.0;0.0381;0.0111;0.0;0.0198;0.0436;15000.0;0.0;0.0;0.8361;0.0398;0.0947;0.0;593.0;0.7084;0.0;0.0207;0.0;0.0;74741;0.0;9449;0.8385520086;17288.0;"";"";12890.0;13884.0;17879.0;21165.0;22374.0;"";""
209056;0.0;0.0512;0.0517;0.028;0.0231;0.2522;0.0259;0.06;0.0043;0.6586;59318;46894;0.0043;0.4389;0.0;0.0;"Lewis & Clark College";0.0344;2033;1285.0;0.0216;0.0;29.0;0.1207;0.0819;19500.0;1290.0;31438.0;30.0;0.0;0.0;22500.0;24144.0;0.0;0.0431;0.0;46894;0.0517;0.0;41846.0;0.0049;0.0151;0.0;0.0;0.0;0.0;0.0204;15000.0;0.0;0.1379;19;0.0;0.0108;635.0;25079.0;0.0;76292;0.6199324324;27.0;0.0;6500.0;0.0;0.0;0.0;0.0625;0.0884;20990.0;31865.0;23482.0;0.4516;0.0103;0.1053;0.0;645.0;0.5495;0.0;0.0521;18864.0;0.0;107806;0.0;9885;0.9155405405;0.0;"";"";0.0;0.0;0.0;0.0;0.0;"";""
209542;0.0;0.0676;0.0081;0.0576;0.0136;0.0659;0.001;0.0749;0.0183;0.6538;26189;28846;0.0028;0.4702;0.0;8.0;"Oregon State University";0.0687;24350;5027.0;0.0616;0.1501;25.0;0.0661;0.0317;17115.0;1127.0;0.0;25.0;0.0;0.0;16875.0;23393.0;0.1137;0.021;0.0;10366;0.01;0.0;0.0;0.003;0.0112;0.0;0.0;0.0;0.0;0.209;15285.0;0.0;0.038;23;530.0;0.0175;560.0;0.0;0.0566;44450;0.5083557321;25.0;0.0625;8667.0;0.009;0.0;0.0;0.0049;0.0165;18942.0;0.0;0.0;0.7756;0.0054;0.0912;0.0;555.0;0.7748;0.0722;0.0219;0.0;0.1037;63645;0.0;9322;0.8601145261;20581.0;"";"";16102.0;16737.0;19410.0;24198.0;24593.0;"";""
209551;0.0;0.1301;0.0174;0.0277;0.0205;0.2381;0.0058;0.0558;0.0026;0.5888;24209;33441;0.0097;0.3818;0.0341;0.0;"University of Oregon";0.0718;19775;3497.0;0.0197;0.0;25.0;0.0916;0.1163;16143.5;1111.0;0.0;25.0;0.0;0.0;15833.0;20500.0;0.153;0.015;0.0;10761;0.0139;0.0;0.0;0.0044;0.0094;0.0;0.0;0.0;0.0;0.0802;15000.0;0.0189;0.0659;21;0.0;0.0285;550.0;0.0;0.0;51607;0.581754386;24.0;0.0094;8427.0;0.0225;0.0;0.0;0.0324;0.068;17666.0;0.0;0.0;0.7741;0.0053;0.1109;0.0;550.0;0.7787;0.0;0.0124;0.0;0.0;78050;0.0;10017;0.850877193;15619.0;"";"";11964.0;12479.0;14086.0;20313.0;21788.0;"";""
209807;0.0;0.0523;0.0261;0.0143;0.0352;0.1346;0.0068;0.0861;0.0587;0.576;21532;24852;0.0046;0.4727;0.0215;0.0;"Portland State University";0.0622;19057;5556.0;0.0232;0.0498;22.0;0.0416;0.0372;16250.0;1037.0;0.0;22.0;0.0;0.0;14966.5;21969.0;0.182;0.0159;0.0;8337;0.0172;0.0;0.0;0.0065;0.0109;0.0;0.0;0.0;0.0;0.4004;13000.0;0.0109;0.0681;25;500.0;0.0341;515.0;0.0;0.0;25986;0.5823633157;21.0;0.0947;11993.5;0.0;0.0413;0.0;0.029;0.0626;18513.0;0.0;0.0;0.5631;0.0132;0.1299;0.0;530.0;0.8942;0.0;0.0389;0.0;0.015;42058;0.0;8730;0.8105820106;15762.0;"";"";13543.0;13906.0;16656.0;19510.0;21031.0;"";""
209922;0.0;0.0785;0.0967;0.0233;0.0218;0.1533;0.0633;0.0625;0.0;0.5945;64386;52150;0.0067;0.351;0.0;0.0;"Reed College";0.0799;1376;17.0;0.0;0.0;31.0;0.11;0.0;13245.0;1380.0;24046.0;33.0;0.0;0.0;13319.5;16000.0;0.0;0.08;0.0;52150;0.0467;0.0;39301.0;0.0022;0.07;0.0;0.0;0.0;0.0;0.0161;12000.0;0.0;0.0833;19;685.0;0.0833;675.0;17437.0;0.0;93231;0.5760869565;30.0;0.0;6500.0;0.0;0.0;0.0;0.09;0.0933;13750.0;27289.0;16630.0;0.9645;0.0036;0.117;0.0;705.0;0.3131;0.0;0.04;11963.0;0.0;109387;0.0;10514;0.9483695652;0.0;"";"";0.0;0.0;0.0;0.0;0.0;"";""
211291;0.0;0.0615;0.0564;0.0176;0.0348;0.2256;0.0082;0.0479;0.0024;0.7547;65350;51960;0.0106;0.3598;0.0;10.0;"Bucknell University";0.036;3531;55.0;0.02;0.1833;30.0;0.1199;0.0;25250.0;1312.0;33570.0;31.0;0.0;0.0;24748.0;27000.0;0.1504;0.0259;0.0;51960;0.0188;0.0;46785.0;0.0;0.0106;0.0;0.0;0.0;0.0;0.009;26636.0;0.0;0.0705;19;640.0;0.0071;660.0;24514.0;0.0;107136;0.5183016105;30.0;0.0;8957.0;0.0376;0.0;0.0;0.0176;0.0176;19560.0;34502.0;18402.0;0.9641;0.0003;0.0632;0.0;630.0;0.2992;0.0;0.0017;19257.0;0.0;143224;0.0;10930;0.9516837482;0.0;"";"";0.0;0.0;0.0;0.0;0.0;"";""
211440;0.0;0.185;0.0202;0.0;0.0457;0.0427;0.0082;0.2986;0.021;0.2931;65877;52310;0.0;0.3424;0.006;0.0;"Carnegie Mellon University";0.0436;6188;6975.0;0.1175;0.2507;33.0;0.0292;0.0007;24500.0;1458.0;32345.0;33.0;0.0;0.0;27000.0;26462.0;0.0696;0.0823;0.0;52310;0.0045;0.0;46883.0;0.0003;0.0704;0.0;0.0;0.0;0.0;0.017;22750.0;0.0292;0.0337;19;715.0;0.104;760.0;23449.0;0.0;91372;0.4725363489;33.0;0.0;14000.0;0.0;0.0;0.0;0.0097;0.1003;23893.0;36613.0;18849.0;0.9513;0.0005;0.084;0.0;705.0;0.2171;0.0;0.049;17855.0;0.0;107339;0.0;11660;0.9256865913;0.0;"";"";0.0;0.0;0.0;0.0;0.0;"";""
212577;0.0;0.1516;0.0356;0.0393;0.0552;0.191;0.0112;0.0543;0.0;0.5713;65604;52290;0.03;0.4349;0.0;0.0;"Franklin and Marshall College";0.0224;2230;0.0;0.0094;0.0;0.0;0.1236;0.0;19492.0;0.0;23195.0;0.0;0.0;0.0;21238.0;22000.0;0.1423;0.0637;0.0;52290;0.0412;0.0;45393.0;0.0004;0.0112;0.0;0.0;0.0;0.0;0.0044;19000.0;0.0;0.0787;19;0.0;0.1142;0.0;16408.0;0.0;84574;0.5658536585;0.0;0.0487;7125.0;0.0;0.0;0.0;0.0356;0.0243;19000.0;28326.0;14147.0;0.862;0.0004;0.0861;0.0;0.0;0.3637;0.0;0.0583;11849.0;0.0;113396;0.0;9517;0.9382113821;0.0;"";"";0.0;0.0;0.0;0.0;0.0;"";""
212674;0.0;0.0658;0.0791;0.0426;0.0327;0.1963;0.0381;0.0239;0.0;0.7652;62370;50860;0.0183;0.5607;0.0;0.0;"Gettysburg College";0.0306;2385;0.0;0.0;0.0;0.0;0.1644;0.0;21000.0;0.0;26936.0;0.0;0.0;0.0;22008.0;23000.0;0.1233;0.0244;0.0;50860;0.0715;0.0;35937.0;0.0;0.0426;0.0;0.0;0.0;0.0;0.0041;21000.0;0.0;0.0807;19;0.0;0.032;0.0;17683.0;0.0;107337;0.5353403141;0.0;0.0;6750.0;0.0046;0.0;0.0;0.0213;0.0609;20500.0;26986.0;19243.0;0.7311;0.0017;0.0583;0.0;0.0;0.4263;0.0;0.0218;9956.0;0.0;130670;0.0;9657;0.9581151832;0.0;"";"";0.0;0.0;0.0;0.0;0.0;"";""
213251;0.0;0.0743;0.0264;0.1144;0.0303;0.0587;0.0029;0.042;0.0;0.7311;53280;42170;0.0;0.6312;0.0147;0.0;"Juniata College";0.0303;1454;5.0;0.0469;0.0059;0.0;0.1965;0.0616;26775.0;0.0;26199.0;0.0;0.0;0.0;26486.0;27000.0;0.1408;0.0762;0.0;42170;0.0264;0.0;30342.0;0.0;0.0176;0.0;0.0;0.0;0.0;0.0159;26856.0;0.0;0.0587;19;0.0;0.0528;0.0;24264.0;0.0;80555;0.5699658703;0.0;0.0;8750.0;0.0616;0.0;0.0;0.0205;0.0176;26973.0;25880.0;17433.0;0.6395;0.0007;0.0406;0.0;0.0;0.746;0.0;0.0509;19342.0;0.0;93242;0.0;8379;0.9675767918;0.0;"";"";0.0;0.0;0.0;0.0;0.0;"";""
213385;0.0;0.1048;0.0508;0.0203;0.054;0.3503;0.0118;0.0421;0.0;0.6561;63680;49635;0.0068;0.3182;0.0;9.0;"Lafayette College";0.0214;2518;0.0;0.0186;0.2115;29.0;0.11;0.0;22500.0;1297.0;27682.0;30.0;0.0;0.0;19500.0;24788.0;0.0;0.0372;0.0;49635;0.0152;0.0;46329.0;0.0004;0.0321;0.0;0.0;0.0;0.0;0.0087;25570.5;0.0;0.066;19;640.0;0.0068;665.0;21404.0;0.0;111341;0.5793991416;30.0;0.0;8750.0;0.0;0.0;0.0;0.0102;0.0525;12718.0;32953.0;12372.0;0.8403;0.0;0.0651;0.0;630.0;0.2829;0.0;0.056;7353.0;0.0;141097;0.0;11666;0.9227467811;0.0;"";"";0.0;0.0;0.0;0.0;0.0;"";""
214157;0.0;0.0666;0.0365;0.0243;0.0487;0.1095;0.0195;0.0178;0.0;0.684;52257;40287;0.0;0.7459;0.0;0.0;"Moravian College";0.0225;1908;442.0;0.0122;0.0;23.0;0.1119;0.0;21500.0;1021.0;28901.0;0.0;0.0;0.0;23522.0;27000.0;0.1606;0.0341;0.0;40287;0.0268;0.0;33491.0;0.0005;0.0243;0.0;0.0;0.0;0.0;0.0825;21500.0;0.0;0.0876;20;490.0;0.0268;505.0;24398.0;0.0;71944;0.5936329588;0.0;0.2238;8699.0;0.0;0.0;0.0;0.0073;0.0949;19909.0;27861.0;23300.0;1.0;0.0021;0.0996;0.0;505.0;0.7982;0.0;0.0582;23043.0;0.0;83809;0.0;7674;0.9775280899;0.0;"";"";0.0;0.0;0.0;0.0;0.0;"";""
215062;0.0;0.1147;0.0236;0.0065;0.0748;0.1722;0.0427;0.1977;0.0007;0.4479;66800;51464;0.0055;0.186;0.0044;9.0;"University of Pennsylvania";0.0427;10698;13244.0;0.0458;0.0892;34.0;0.1056;0.0256;12500.0;1481.0;20398.0;34.0;0.0;0.0;11499.0;12988.0;0.2005;0.0195;0.0;51464;0.027;0.0;37370.0;0.0003;0.0243;0.0;0.0;0.0;0.0;0.0569;19000.0;0.0048;0.0294;22;735.0;0.0294;750.0;12322.0;0.0;39832;0.5721331689;33.0;0.0967;12500.0;0.0;0.0;0.0;0.0195;0.0273;9210.5;23281.0;5263.0;0.7296;0.0008;0.102;0.0;725.0;0.0944;0.0;0.0191;4939.0;0.0;71672;0.0;16796;0.7570900123;0.0;"";"";0.0;0.0;0.0;0.0;0.0;"";""
216287;0.0;0.1162;0.0674;0.0027;0.0669;0.2561;0.035;0.1623;0.0;0.4227;64363;49104;0.0135;0.1833;0.0;9.0;"Swarthmore College";0.0773;1540;0.0;0.0701;0.0674;32.0;0.1267;0.0;17673.0;1421.0;17330.0;33.0;0.0;0.0;15000.0;19500.0;0.0;0.0296;0.0;49104;0.0539;0.0;37004.0;0.0013;0.0458;0.0;0.0;0.0;0.0;0.007;20454.0;0.0;0.0323;19;720.0;0.0108;715.0;12638.0;0.0;48016;0.5467625899;32.0;0.0;13580.0;0.0728;0.0;0.0;0.0647;0.0512;11606.0;18157.0;6165.0;0.8687;0.0006;0.126;0.0;703.0;0.128;0.0;0.0266;8038.0;0.0;89476;0.0;12642;0.5179856115;0.0;"";"";0.0;0.0;0.0;0.0;0.0;"";""
216524;0.0;0.0208;0.049;0.0518;0.0649;0.2016;0.0218;0.0442;0.0;0.7448;62734;49370;0.0218;0.6847;0.0;0.0;"Ursinus College";0.0351;1540;0.0;0.0354;0.0;0.0;0.3079;0.0572;27000.0;0.0;28139.0;0.0;0.0;0.0;27000.0;27000.0;0.0;0.0463;0.0;49370;0.0245;0.0;33999.0;0.0;0.0381;0.0;0.0;0.0;0.0;0.0037;27000.0;0.0;0.1035;19;0.0;0.0027;0.0;25367.0;0.0136;99302;0.5327868852;0.0;0.0;7369.0;0.0;0.0;0.0;0.0109;0.0136;26500.0;28627.0;23792.0;0.7267;0.0006;0.0656;0.0;0.0;0.8242;0.0;0.024;20857.0;0.0;114933;0.0;8751;0.9770491803;0.0;"";"";0.0;0.0;0.0;0.0;0.0;"";""
217156;0.0;0.1131;0.0365;0.0176;0.0652;0.1904;0.0113;0.141;0.0;0.434;65380;51366;0.0327;0.2267;0.0094;0.0;"Brown University";0.0623;6580;2855.0;0.0748;0.061;33.0;0.1358;0.0145;15439.0;1459.0;22308.0;34.0;0.0;0.0;15763.0;16125.0;0.0585;0.0365;0.0;51366;0.0352;0.0;44695.0;0.002;0.0748;0.0;0.0;0.0;0.0;0.0102;17000.0;0.0;0.0365;19;735.0;0.0597;740.0;12697.0;0.0;82670;0.5403780069;32.0;0.0383;11940.0;0.0151;0.0;0.0;0.027;0.0346;9718.0;28629.0;7164.0;0.8881;0.0047;0.1167;0.0;730.0;0.0931;0.0;0.0609;5849.0;0.0;107609;0.0;14777;0.7216494845;0.0;"";"";0.0;0.0;0.0;0.0;0.0;"";""
217484;0.0;0.0137;0.023;0.0258;0.0509;0.0735;0.0022;0.033;0.0016;0.7207;27552;28874;0.0034;0.7015;0.0093;0.0;"University of Rhode Island";0.0247;13788;3010.0;0.0158;0.0971;25.0;0.0596;0.0881;18500.0;1081.0;0.0;24.0;0.0;0.0;19000.0;23000.0;0.1244;0.0109;0.0;12884;0.0133;0.0;0.0;0.0005;0.0112;0.0;0.0;0.0;0.0;0.0735;18068.5;0.0047;0.0639;20;520.0;0.0;540.0;0.0;0.0524;80297;0.5947167188;24.0;0.1511;8750.0;0.0217;0.0;0.0;0.0264;0.0304;19000.0;0.0;0.0;0.6528;0.0021;0.0962;0.0;530.0;0.7276;0.0258;0.0582;0.0;0.0645;93356;0.0;10205;0.9195342371;19216.0;"";"";13104.0;14689.0;18638.0;22727.0;25240.0;"";""
217882;0.0139;0.0068;0.043;0.0134;0.0683;0.064;0.0051;0.0241;0.0;0.831;27722;34590;0.0002;0.3967;0.0;0.0;"Clemson University";0.0279;18395;4807.0;0.0266;0.2076;29.0;0.0845;0.001;19000.0;1269.0;0.0;30.0;0.0;0.0;19058.5;21500.0;0.1913;0.0105;0.0;14708;0.0159;0.0;0.0;0.0003;0.0103;0.0;0.0;0.0;0.0;0.0386;18500.0;0.0186;0.0528;20;0.0;0.0;635.0;0.0;0.0308;78377;0.5037093399;28.0;0.0679;8750.0;0.0337;0.0;0.0;0.0147;0.0305;21000.0;0.0;0.0;0.929;0.0021;0.0351;0.0;610.0;0.5054;0.0638;0.0045;0.0;0.0;96551;0.0;9887;0.911736732;16770.0;"";"";12905.0;13113.0;16863.0;18563.0;19683.0;"";""
219046;0.0794;0.013;0.0143;0.0;0.0134;0.0317;0.0;0.0072;0.0619;0.8159;19029;10920;0.0063;0.4813;0.0429;0.0;"Black Hills State University";0.0495;2770;432.0;0.0;0.0;22.0;0.0921;0.0683;12063.5;1009.0;0.0;20.0;0.0;0.0;12000.0;25500.0;0.1317;0.0063;0.0;8004;0.0175;0.0;0.0;0.0018;0.0063;0.0;0.0;0.0;0.0222;0.2567;10294.0;0.0;0.0587;22;477.0;0.0048;485.0;0.0;0.0841;51046;0.6218809981;21.0;0.0;7199.5;0.2111;0.0;0.0;0.0063;0.054;14731.5;0.0;0.0;0.6459;0.0394;0.0542;0.0;505.0;0.7976;0.0;0.0058;0.0;0.0;60509;0.0;7118;0.9001919386;15793.0;"";"";12502.0;13940.0;16666.0;17373.0;17595.0;"";""
219356;0.0198;0.0432;0.009;0.024;0.0188;0.066;0.0;0.0091;0.0377;0.872;25761;11403;0.0;0.5521;0.0;0.0;"South Dakota State University";0.0231;9767;1654.0;0.008;0.0608;23.0;0.0467;0.0325;15500.0;1069.0;0.0;22.0;0.0;0.0;17376.5;25000.0;0.0297;0.0047;0.0;8172;0.0146;0.0;0.0;0.0008;0.0099;0.0;0.0019;0.0;0.0;0.1071;14370.0;0.0047;0.033;20;0.0;0.0038;515.0;0.0;0.0316;73000;0.5559574949;23.0;0.2287;7624.0;0.0641;0.0;0.0;0.009;0.0405;15250.0;0.0;0.0;0.8168;0.0082;0.0216;0.0;510.0;0.9076;0.1683;0.0031;0.0;0.0509;81413;0.0;8173;0.9520687316;21070.0;"";"";18001.0;18961.0;21807.0;22978.0;23035.0;"";""
219602;0.024;0.0027;0.024;0.0;0.2142;0.0283;0.0011;0.015;0.1793;0.6125;20429;22929;0.0;0.5657;0.0352;0.0;"Austin Peay State University";0.0592;9116;831.0;0.047;0.0;22.0;0.0256;0.0523;12670.5;1010.0;0.0;21.0;0.0;0.0;12500.0;22500.0;0.1121;0.0304;0.0;7689;0.0176;0.0;0.0;0.0026;0.0101;0.0;0.0;0.0;0.0;0.3247;11286.5;0.0;0.0427;23;0.0;0.0;513.0;0.0;0.1041;31930;0.5990892892;20.0;0.1057;9500.0;0.0416;0.0598;0.0;0.0085;0.0261;14250.0;0.0;0.0;1.0;0.0034;0.0655;0.0;516.0;0.8886;0.0245;0.0247;0.0;0.0;42445;0.0;7337;0.752326272;12425.0;"";"";9431.0;10883.0;14828.0;16656.0;16378.0;"";""
220862;0.0099;0.0105;0.0221;0.0;0.3744;0.0379;0.0026;0.0316;0.0599;0.4893;21761;20837;0.002;0.5843;0.0207;7.0;"University of Memphis";0.0384;15962;4118.0;0.0092;0.0392;22.0;0.0296;0.0438;17500.0;1011.0;0.0;22.0;0.0;0.0;17500.0;25674.5;0.1986;0.0165;0.0;9125;0.0181;0.0;0.0;0.0011;0.0036;0.0;0.0;0.0;0.0;0.2463;15000.0;0.0046;0.0596;22;480.0;0.1116;505.0;0.0;0.0599;28800;0.6019404019;21.0;0.0938;11000.0;0.0698;0.0352;0.0;0.0138;0.0379;18750.0;0.0;0.0;0.6463;0.0026;0.047;0.0;525.0;0.5668;0.0;0.0049;0.0;0.0;44018;0.0;8557;0.8385308385;13306.0;"";"";10762.0;11779.0;15737.0;16895.0;16931.0;"";""
221759;0.0;0.0155;0.0276;0.0106;0.0666;0.0705;0.0033;0.0345;0.0;0.7862;29626;31144;0.0;0.4365;0.0144;0.0;"The University of Tennessee-Knoxville";0.0291;21984;5913.0;0.0139;0.1051;27.0;0.0475;0.0709;14000.0;1213.0;0.0;28.0;0.0;0.0;15000.0;20500.0;0.218;0.0216;0.0;12724;0.0163;0.0;0.0;0.0008;0.0093;0.0;0.0;0.0;0.0;0.0749;14000.0;0.0091;0.0665;20;0.0;0.04;575.0;0.0;0.0769;54206;0.5301943394;26.0;0.0413;8000.0;0.0163;0.0;0.0;0.0126;0.0303;12500.0;0.0;0.0;0.8627;0.0022;0.0368;0.0;570.0;0.7722;0.0587;0.0282;0.0;0.0194;75150;0.0;10764;0.8220946915;19076.0;"";"";12091.0;15503.0;21552.0;23942.0;24211.0;"";""
221847;0.0301;0.0527;0.0078;0.0238;0.0401;0.0472;0.0;0.0164;0.0829;0.8245;23109;24067;0.0;0.4281;0.0;0.0;"Tennessee Technological University";0.0305;9184;1055.0;0.0347;0.1623;24.0;0.0425;0.0145;11000.0;1103.0;0.0;25.0;0.0;0.0;11057.5;16532.0;0.142;0.0233;0.0;8203;0.0083;0.0;0.0;0.0003;0.0067;0.0;0.0;0.0;0.0;0.121;11000.0;0.0;0.0264;21;0.0;0.0026;550.0;0.0;0.0586;40770;0.5007582651;23.0;0.0601;5500.0;0.1327;0.0;0.0;0.0041;0.0233;11000.0;0.0;0.0;1.0;0.0014;0.0283;0.0;525.0;0.6721;0.0342;0.0058;0.0;0.0316;52902;0.0;7834;0.737336973;14233.0;"";"";10291.0;12702.0;15625.0;17838.0;17502.0;"";""
225511;0.042;0.0435;0.0197;0.0024;0.1011;0.0547;0.0041;0.223;0.0093;0.2499;23858;21711;0.0001;0.3974;0.0;0.0;"University of Houston";0.0341;34560;7779.0;0.0395;0.066;26.0;0.0548;0.062;13250.0;1152.0;0.0;24.0;0.0;0.0;13000.0;19250.0;0.2845;0.0256;0.0;9519;0.0157;0.0;0.0;0.0021;0.0168;0.0;0.0;0.0;0.0;0.1894;13000.0;0.0112;0.0622;22;0.0;0.0348;585.0;0.0;0.0509;33197;0.5257100149;26.0;0.0476;7500.0;0.0;0.0;0.0;0.0116;0.0368;13750.0;0.0;0.0;0.8525;0.0011;0.3339;0.0;560.0;0.5854;0.0;0.0112;0.0;0.0476;49662;0.0;11173;0.7302690583;15399.0;"";"";12427.0;12653.0;15052.0;20554.0;21486.0;"";""
226091;0.0141;0.0141;0.0098;0.0055;0.2703;0.0116;0.0;0.0462;0.0685;0.4782;19321;17938;0.0;0.4853;0.0214;0.0;"Lamar University";0.024;9065;5693.0;0.0073;0.085;21.0;0.0214;0.0483;11250.0;960.0;0.0;20.0;0.0;0.0;10150.5;21180.0;0.126;0.0092;0.0;8146;0.008;0.0;0.0;0.0013;0.0092;0.0;0.0;0.0;0.0;0.2859;10715.0;0.0018;0.0214;25;0.0;0.1498;480.0;0.0;0.0379;35526;0.653966831;21.0;0.2098;9500.0;0.0;0.0642;0.0;0.0128;0.0263;12500.0;0.0;0.0;0.7924;0.0039;0.153;0.0;475.0;0.7618;0.0;0.0089;0.0;0.0306;49011;0.0;8009;0.8209323173;12873.0;"";"";10000.0;11782.0;15952.0;17901.0;18719.0;"";""
228529;0.0326;0.0029;0.0078;0.0252;0.0834;0.0113;0.0;0.01;0.0196;0.6687;18362;16728;0.0;0.575;0.0279;7.0;"Tarleton State University";0.031;11461;1586.0;0.0287;0.0061;21.0;0.0344;0.0213;12607.5;959.0;0.0;6.0;0.0;0.0;14000.0;19500.0;0.1936;0.01;0.0;7140;0.0044;0.0;0.0;0.001;0.0074;0.0;0.0;0.0;0.0;0.2183;12000.0;0.0;0.0544;23;450.0;0.1462;480.0;0.0;0.0727;40809;0.6463891249;20.0;0.0953;7542.0;0.0;0.0705;0.0;0.0022;0.0131;12500.0;0.0;0.0;0.5309;0.0063;0.1899;0.0;470.0;0.5039;0.0918;0.0068;0.0;0.0235;55840;0.0;7689;0.8533559898;15740.0;"";"";12765.0;14144.0;16722.0;18220.0;18328.0;"";""
230603;0.0199;0.0438;0.0206;0.0;0.0216;0.0329;0.0014;0.0102;0.3676;0.7636;19029;19810;0.0;0.3306;0.0;8.0;"Southern Utah University";0.0055;6353;892.0;0.0192;0.0075;23.0;0.035;0.0316;6773.5;1065.0;0.0;24.0;0.0;0.0;6397.0;11000.0;0.0802;0.0096;0.0;6530;0.013;0.0;0.0;0.0173;0.0096;0.0;0.0014;0.0034;0.0034;0.283;5500.0;0.0;0.0473;22;505.0;0.0041;505.0;0.0;0.0151;41064;0.5524714829;22.0;0.0508;5500.0;0.0775;0.0254;0.0;0.0069;0.0473;8000.0;0.0;0.0;0.6171;0.0148;0.0623;0.0;515.0;0.7228;0.0158;0.0609;0.0;0.0535;52281;0.0;6632;0.6524714829;13858.0;"";"";11143.0;11672.0;13788.0;15683.0;15843.0;"";""
230728;0.001;0.0127;0.0314;0.0064;0.0091;0.0828;0.0016;0.0104;0.241;0.8197;18093;20492;0.0068;0.3149;0.0128;0.0;"Utah State University";0.022;21833;3280.0;0.0287;0.0518;24.0;0.0268;0.0118;8000.0;1087.0;0.0;24.0;0.0;0.0058;8300.0;13491.0;0.0933;0.0056;0.0;7426;0.0116;0.0;0.0;0.0039;0.007;0.0;0.0054;0.0025;0.0002;0.2125;7500.0;0.0058;0.0256;23;0.0;0.0235;550.0;0.0;0.0025;42950;0.5495908753;23.0;0.0905;5500.0;0.0971;0.0037;0.0;0.0066;0.0258;8250.0;0.0;0.0;0.9509;0.019;0.0591;0.0033;550.0;0.9025;0.0397;0.044;0.0;0.0405;55518;0.0012;8837;0.6569551203;12849.0;"";"";11874.0;12010.0;13173.0;15321.0;14982.0;"";""
230764;0.0;0.0451;0.0283;0.011;0.0136;0.1372;0.0041;0.0572;0.0;0.6967;18444;27039;0.0114;0.3268;0.0122;8.0;"University of Utah";0.0488;22748;8071.0;0.0286;0.0908;24.0;0.0364;0.073;11500.0;1116.0;0.0;25.0;0.0;0.0;12125.0;15000.0;0.1403;0.0312;0.0;8518;0.0114;0.0;0.0;0.0044;0.0186;0.0;0.0;0.0;0.0;0.2671;11000.0;0.006;0.065;23;555.0;0.0244;595.0;0.0;0.0524;38625;0.5055296857;24.0;0.0834;8250.0;0.0141;0.0;0.0;0.0215;0.0641;11250.0;0.0;0.0;0.9244;0.0045;0.1227;0.0;580.0;0.7642;0.0;0.0069;0.0;0.0346;57205;0.0;9560;0.7488358556;12674.0;"";"";10067.0;10428.0;13792.0;15396.0;15934.0;"";""
230959;0.0;0.0939;0.0476;0.0599;0.0346;0.3287;0.0246;0.0684;0.0108;0.6446;63456;50063;0.0599;0.2655;0.0;0.0;"Middlebury College";0.0505;2513;26.0;0.0353;0.0;32.0;0.1321;0.0;11995.0;1394.0;18528.0;0.0;0.0;0.0;13177.0;13625.0;0.0;0.0507;0.0;50063;0.0369;0.0;38052.0;0.0;0.0184;0.0;0.0;0.0;0.0;0.0067;17222.0;0.0123;0.0492;20;705.0;0.0015;703.0;13966.0;0.0;57882;0.53432282;0.0;0.0;6497.5;0.0;0.0;0.0;0.0661;0.0661;6900.0;22775.0;6985.0;0.853;0.002;0.0943;0.0;685.0;0.1614;0.0;0.0115;5788.0;0.0;94718;0.0;10947;0.8441558442;0.0;"";"";0.0;0.0;0.0;0.0;0.0;"";""
231174;0.0;0.0514;0.0358;0.0949;0.0124;0.1005;0.0082;0.0275;0.0017;0.8178;30573;40364;0.0039;0.4313;0.0121;9.0;"University of Vermont";0.0316;10267;1946.0;0.0129;0.072;28.0;0.1022;0.0384;17903.0;1216.0;0.0;28.0;0.0;0.0;18691.0;22500.0;0.1126;0.0108;0.0;17300;0.0229;0.0;0.0;0.0002;0.0155;0.0;0.0;0.0;0.0;0.0639;17500.0;0.0;0.0613;20;595.0;0.0259;600.0;0.0;0.0121;92817;0.6014972646;26.0;0.0958;8250.0;0.06;0.0;0.0;0.0216;0.0289;17674.0;0.0;0.0;0.812;0.0009;0.0393;0.0;600.0;0.6894;0.0436;0.019;0.0;0.0065;112888;0.0;9947;0.9343507054;17831.0;"";"";10906.0;11641.0;15687.0;20255.0;24011.0;"";""
232186;0.0;0.0486;0.0685;0.0062;0.1092;0.1106;0.0018;0.1944;0.0462;0.4291;24347;32582;0.0016;0.4404;0.0121;0.0;"George Mason University";0.0455;23179;11092.0;0.0897;0.0478;27.0;0.0624;0.0;15993.5;1165.0;0.0;26.0;0.0057;0.0;15750.0;19500.0;0.1791;0.0168;0.0;11300;0.0203;0.0;0.0;0.0041;0.0109;0.0;0.0;0.0;0.0;0.2176;15750.0;0.0;0.061;22;0.0;0.0154;580.0;0.0;0.0074;44254;0.557201846;25.0;0.0965;8250.0;0.0179;0.069;0.0;0.007;0.0458;16500.0;0.0;0.0;0.5401;0.0019;0.1375;0.0;575.0;0.8099;0.0;0.0298;0.0;0.0002;64723;0.0;10535;0.8360456643;19479.0;"";"";15089.0;15800.0;18989.0;21584.0;23680.0;"";""
233295;0.0;0.0161;0.0516;0.0452;0.0847;0.2226;0.029;0.0224;0.0;0.7845;50444;38730;0.0032;0.6477;0.0;0.0;"Randolph-Macon College";0.0378;1429;0.0;0.0323;0.0161;24.0;0.1581;0.1194;24318.0;1091.0;24731.0;24.0;0.0;0.0;25000.0;27000.0;0.0742;0.0323;0.0;38730;0.0355;0.0;28719.0;0.0014;0.0097;0.0;0.0;0.0;0.0;0.0042;23250.0;0.0;0.0968;19;530.0;0.0;538.0;23232.0;0.0;88919;0.546191248;24.0;0.0;8750.0;0.0;0.0;0.0;0.0258;0.0484;27000.0;24858.0;19430.0;0.645;0.0035;0.0427;0.0;545.0;0.614;0.0;0.007;19935.0;0.0;102436;0.0;7992;0.9529983793;0.0;"";"";0.0;0.0;0.0;0.0;0.0;"";""
233374;0.0;0.0845;0.0315;0.0067;0.07;0.1157;0.0056;0.0712;0.0124;0.5943;61337;49420;0.0124;0.3878;0.0011;0.0;"University of Richmond";0.0412;3229;805.0;0.0438;0.0;31.0;0.091;0.0056;19500.0;1338.0;23205.0;0.0;0.0;0.0;19555.0;21057.5;0.3753;0.0371;0.0;49420;0.0157;0.0;40438.0;0.0;0.0191;0.0;0.0;0.0225;0.0;0.0898;19500.0;0.0;0.036;20;655.0;0.0629;670.0;14515.0;0.0;73024;0.5490909091;0.0;0.018;7176.0;0.0517;0.0067;0.0;0.0124;0.0169;16977.5;24699.0;11387.0;0.6485;0.0025;0.0749;0.0;650.0;0.3248;0.0;0.0613;8681.0;0.0;102442;0.0;12109;0.8957575758;0.0;"";"";0.0;0.0;0.0;0.0;0.0;"";""
233921;0.004;0.0583;0.0135;0.031;0.0397;0.082;0.0038;0.0999;0.0003;0.6654;24855;29975;0.0;0.4029;0.0027;0.0;"Virginia Polytechnic Institute and State University";0.0449;25725;7379.0;0.0355;0.2342;0.0;0.0733;0.0365;21110.0;1210.0;0.0;0.0;0.0;0.0;22308.0;23250.0;0.1834;0.0228;0.0;12852;0.0117;0.0;0.0;0.0012;0.023;0.0;0.0;0.0;0.0;0.0251;20500.0;0.0163;0.0367;19;580.0;0.0007;620.0;0.0;0.0;89378;0.4649326521;0.0;0.0;10499.5;0.0;0.0;0.0;0.0092;0.0252;21003.5;0.0;0.0;0.9837;0.0017;0.0596;0.0;590.0;0.7087;0.0608;0.0293;0.0;0.0933;104698;0.0;10988;0.9058677814;19413.0;"";"";11998.0;14022.0;17684.0;21740.0;23948.0;"";""
234030;0.0;0.0348;0.0257;0.0111;0.1892;0.0627;0.0077;0.1291;0.0;0.4827;29278;32287;0.0129;0.5041;0.0207;0.0;"Virginia Commonwealth University";0.0587;22614;7007.0;0.0332;0.0409;24.0;0.0781;0.0637;18500.0;1094.0;0.0;25.0;0.0;0.0;19500.0;23250.0;0.1328;0.0278;0.0;13130;0.0207;0.0;0.0;0.0014;0.0106;0.0;0.0;0.0;0.0;0.1494;16250.0;0.0;0.0946;21;535.0;0.0614;540.0;0.0;0.0;51128;0.6243783971;23.0;0.0679;9250.0;0.0428;0.0766;0.0;0.0081;0.1002;19000.0;0.0;0.0;0.69;0.0025;0.0879;0.0;550.0;0.8115;0.0;0.0138;0.0;0.0;70086;0.0;8770;0.9005435411;21136.0;"";"";13593.0;17606.0;21089.0;24358.0;26432.0;"";""
234076;0.0;0.0453;0.0318;0.0213;0.065;0.1622;0.0168;0.1302;0.1547;0.5929;29572;45756;0.0058;0.2536;0.0173;9.0;"University of Virginia-Main Campus";0.0445;15963;7567.0;0.0266;0.1311;31.0;0.0584;0.0;16500.0;1362.0;0.0;32.0;0.0;0.0;16000.0;19000.0;0.0913;0.0334;0.0;16412;0.0328;0.0;0.0;0.0005;0.0168;0.0;0.0;0.0;0.0;0.0455;19500.0;0.0201;0.0517;20;670.0;0.0213;680.0;0.0;0.0135;75580;0.5454545455;30.0;0.0406;9641.0;0.0;0.0;0.0;0.0281;0.0228;12500.0;0.0;0.0;0.9443;0.0011;0.0635;0.0;670.0;0.2986;0.0;0.0571;0.0;0.0015;100900;0.0;13564;0.8483766234;19177.0;"";"";9463.0;10684.0;14374.0;21087.0;27814.0;"";""
234207;0.0;0.039;0.0404;0.0043;0.0192;0.1851;0.0383;0.0324;0.0;0.8308;62350;48267;0.0043;0.2039;0.0;0.0;"Washington and Lee University";0.0324;1820;330.0;0.0128;0.0426;32.0;0.0957;0.0766;19500.0;1396.0;18436.0;33.0;0.0;0.0;15630.0;19917.0;0.2489;0.0681;0.0;48267;0.0383;0.0;34627.0;0.0;0.0362;0.0;0.0;0.0;0.0;0.0016;20000.0;0.0;0.0404;19;690.0;0.0043;700.0;8962.0;0.0;115740;0.4401408451;31.0;0.0;5500.0;0.0;0.0;0.0;0.0277;0.0362;20400.0;26659.0;1789.0;0.79;0.0;0.0368;0.0;690.0;0.2358;0.0;0.0093;920.0;0.0;145228;0.0;12933;0.8521126761;0.0;"";"";0.0;0.0;0.0;0.0;0.0;"";""
235097;0.0188;0.0452;0.018;0.0039;0.0363;0.0762;0.0035;0.0302;0.0023;0.6439;20638;23343;0.0059;0.7195;0.0426;7.0;"Eastern Washington University";0.0614;10546;1062.0;0.0485;0.041;20.0;0.0875;0.0547;14924.0;962.0;0.0;19.0;0.0;0.0;13976.0;20500.5;0.1942;0.0176;0.0;6951;0.0082;0.0;0.0;0.0036;0.0059;0.0;0.0;0.0;0.0;0.2111;13432.0;0.0039;0.0739;22;465.0;0.0637;485.0;0.0;0.0109;38218;0.575044405;20.0;0.0887;9332.5;0.0766;0.0;0.0;0.0082;0.0227;17117.5;0.0;0.0;0.6324;0.0115;0.1477;0.0;480.0;0.9548;0.0;0.02;0.0;0.0227;53199;0.0;8469;0.8226021314;13706.0;"";"";8388.0;10003.0;14065.0;18800.0;19535.0;"";""
236328;0.0;0.0048;0.0424;0.0;0.0104;0.1713;0.0368;0.0642;0.0;0.7318;59721;46552;0.0;0.441;0.0;0.0;"University of Puget Sound";0.0854;2506;283.0;0.0331;0.0;0.0;0.1326;0.0387;20500.0;0.0;36825.0;0.0;0.0;0.0;25866.0;26696.5;0.1013;0.0608;0.0;46552;0.0276;0.0;41820.0;0.0028;0.0221;0.0;0.0;0.0;0.0;0.0162;20250.0;0.0;0.0939;20;0.0;0.0405;0.0;36126.0;0.0663;90104;0.6393861893;0.0;0.0;9500.0;0.0074;0.0;0.0;0.046;0.0792;9500.0;37324.0;33907.0;0.8361;0.002;0.0806;0.0;0.0;0.789;0.0;0.018;28479.0;0.0;112275;0.0;10127;0.9603580563;0.0;"";"";0.0;0.0;0.0;0.0;0.0;"";""
236939;0.0;0.0464;0.0193;0.0074;0.0332;0.1113;0.0028;0.0588;0.0181;0.6126;26441;25673;0.0028;0.4605;0.004;8.0;"Washington State University";0.0723;24362;5238.0;0.0167;0.1052;23.0;0.063;0.0679;14772.0;1054.0;0.0;22.0;0.0;0.0;14957.0;20348.5;0.1945;0.0155;0.0;11041;0.0116;0.0;0.0;0.0039;0.0077;0.0;0.0;0.0;0.0;0.1672;14000.0;0.0065;0.0631;22;490.0;0.0123;528.0;0.0;0.0267;44850;0.5742963356;23.0;0.0746;8495.0;0.0255;0.0315;0.0;0.0086;0.0086;15343.0;0.0;0.0;0.7746;0.0079;0.1434;0.0;520.0;0.7204;0.032;0.0215;0.0;0.0628;64048;0.0;9807;0.8267657993;16278.0;"";"";10048.0;11763.0;16127.0;22895.0;24464.0;"";""
237011;0.0126;0.0112;0.0544;0.0582;0.0167;0.1122;0.0064;0.0652;0.002;0.7219;22959;21847;0.005;0.4465;0.0301;8.0;"Western Washington University";0.0865;14483;982.0;0.0351;0.0091;26.0;0.0465;0.0506;15000.0;1122.0;0.0;25.0;0.0;0.0;15000.0;19333.0;0.121;0.0339;0.0;7903;0.0228;0.0;0.0;0.002;0.0167;0.0;0.0;0.0;0.0;0.0797;14923.5;0.0;0.0544;21;530.0;0.0728;545.0;0.0;0.031;51312;0.6000439271;25.0;0.0628;7667.0;0.0702;0.0;0.0;0.0286;0.0637;15570.0;0.0;0.0;0.6715;0.0036;0.0853;0.0;560.0;0.8312;0.0;0.0076;0.0;0.0;69215;0.0;9152;0.8383483418;15845.0;"";"";9241.0;10557.0;15270.0;20572.0;21717.0;"";""
237057;0.0;0.0574;0.0435;0.0;0.0143;0.2418;0.0217;0.0451;0.019;0.7138;59902;47862;0.0109;0.4544;0.0;9.0;"Whitman College";0.0683;1464;0.0;0.0;0.019;30.0;0.2065;0.0136;17477.0;1324.0;26877.0;0.0;0.0;0.0;19500.0;19000.0;0.0;0.0788;0.0;47862;0.0489;0.0;43539.0;0.0034;0.0707;0.0;0.0;0.0;0.0;0.0075;17391.5;0.0;0.1033;19;650.0;0.0;650.0;21821.0;0.0;98863;0.6171617162;0.0;0.0;9875.0;0.0;0.0;0.0;0.0136;0.1087;15425.0;33482.0;17942.0;0.7579;0.0034;0.0738;0.0;660.0;0.5108;0.0;0.0205;15238.0;0.0;119078;0.0;8926;0.9339933993;0.0;"";"";0.0;0.0;0.0;0.0;0.0;"";""
238032;0.0;0.0647;0.0156;0.0198;0.0479;0.0732;0.0035;0.0151;0.0635;0.7917;19512;22488;0.0;0.5066;0.0095;0.0;"West Virginia University";0.0388;21428;6138.0;0.0112;0.1411;24.0;0.0646;0.071;14771.0;1069.0;0.0;24.0;0.0;0.0;15000.0;23688.5;0.1255;0.0231;0.0;7992;0.0178;0.0;0.0;0.0008;0.0051;0.0;0.0;0.0;0.0;0.0645;15250.0;0.0033;0.0413;20;0.0;0.0831;515.0;0.0;0.0374;60096;0.5012559027;23.0;0.0688;7278.0;0.0143;0.0084;0.0;0.0084;0.0325;12500.0;0.0;0.0;0.773;0.0013;0.0379;0.0;508.0;0.7612;0.04;0.0017;0.0;0.0182;76249;0.0;9651;0.873605948;10997.0;"";"";7769.0;8397.0;10947.0;13832.0;14504.0;"";""
240727;0.0005;0.0408;0.0144;0.0;0.0113;0.0611;0.0032;0.0117;0.0028;0.7347;19169;16215;0.0032;0.3496;0.0171;0.0;"University of Wyoming";0.0344;9622;2578.0;0.0148;0.1093;24.0;0.0699;0.0347;11250.0;1102.0;0.0;24.0;0.0;0.0;11034.0;18079.0;0.1468;0.0324;0.0;5055;0.0097;0.0;0.0;0.0021;0.0116;0.0;0.0;0.0;0.0;0.2169;11000.0;0.0;0.0542;22;0.0;0.0241;550.0;0.0;0.0324;54733;0.5437196391;24.0;0.1074;7101.0;0.0935;0.0477;0.0;0.0069;0.025;11750.0;0.0;0.0;0.9695;0.0061;0.0718;0.0;535.0;0.9508;0.0537;0.087;0.0;0.0236;69591;0.0;9312;0.8188757807;12578.0;"";"";9423.0;9375.0;12373.0;14999.0;15403.0;"";""
243780;0.0626;0.1663;0.0076;0.0099;0.0294;0.0464;0.0009;0.0688;0.0061;0.6378;22698;28804;0.0036;0.3122;0.0;0.0;"Purdue University-Main Campus";0.0235;30849;10408.0;0.0549;0.2052;28.0;0.0317;0.0219;17250.0;1228.0;0.0;28.0;0.0;0.0005;16845.5;20428.0;0.2168;0.0216;0.0;10002;0.006;0.0;0.0;0.0011;0.0353;0.0;0.0163;0.0;0.0;0.0448;18500.0;0.0029;0.0223;19;570.0;0.0048;620.0;0.0;0.0143;81833;0.4732072498;29.0;0.0704;7000.0;0.0395;0.0;0.0;0.006;0.0179;15571.0;0.0;0.0;0.9504;0.0014;0.0457;0.0;575.0;0.5597;0.0592;0.0261;0.0;0.0156;98016;0.0;11841;0.7990543735;13545.0;"";"";4250.0;6005.0;10828.0;17605.0;21323.0;"";""
